layer_0_mood,layer_0_score,layer_1_mood,layer_1_score,layer_2_mood,layer_2_score,layer_3_mood,layer_3_score,layer_4_mood,layer_4_score,layer_5_mood,layer_5_score,layer_6_mood,layer_6_score,layer_7_mood,layer_7_score,layer_8_mood,layer_8_score,layer_9_mood,layer_9_score,round
50.0,0.0,50.0,0.0,50.0,0.0,50.0,0.0,50.0,0.0,50.0,0.0,50.0,0.0,50.0,0.0,50.0,0.0,50.0,0.0,100
81.2,2.68,80.4,2.644,86.2,2.641,80.1,2.601,81.5,2.626,74.6,2.6,80.7,2.6,79.7,2.626,78.9,2.622,75.2,2.632,200
77.7,2.687,81.3,2.622,79.3,2.64,73.8,2.616,74.7,2.61,77.2,2.653,80.8,2.668,72.4,2.605,76.0,2.645,74.0,2.661,300
76.3,2.708,69.5,2.647,80.5,2.662,65.3,2.626,75.1,2.623,69.5,2.669,77.9,2.682,65.9,2.606,74.5,2.664,78.6,2.653,400
74.0,2.73,74.0,2.662,68.0,2.688,72.2,2.641,75.0,2.636,74.5,2.683,72.9,2.69,70.1,2.602,69.8,2.669,79.8,2.686,500
85.5,2.758,76.0,2.677,75.5,2.704,63.8,2.641,76.3,2.64,78.1,2.693,72.9,2.705,69.2,2.61,75.6,2.681,75.6,2.715,600
86.2,2.778,76.6,2.683,69.3,2.719,64.0,2.648,69.8,2.657,84.2,2.717,81.1,2.708,69.5,2.62,64.9,2.68,79.1,2.729,700
85.2,2.796,68.2,2.692,70.2,2.726,67.6,2.642,71.9,2.663,80.6,2.735,71.9,2.722,65.4,2.625,61.7,2.683,84.6,2.736,800
81.6,2.82,73.6,2.698,66.9,2.729,68.9,2.65,66.9,2.672,79.5,2.748,81.9,2.73,73.3,2.622,73.2,2.683,78.6,2.75,900
77.1,2.829,69.9,2.701,76.8,2.74,62.1,2.655,67.4,2.677,77.1,2.763,75.0,2.733,67.8,2.632,78.4,2.69,68.2,2.754,1000
85.3,2.844,60.4,2.701,71.9,2.75,60.5,2.654,69.2,2.683,83.0,2.777,71.7,2.734,69.0,2.634,68.5,2.693,83.9,2.758,1100
84.2,2.86,65.6,2.703,72.3,2.757,62.6,2.657,67.8,2.69,79.7,2.785,78.8,2.738,63.8,2.634,73.9,2.699,83.6,2.766,1200
87.9,2.876,61.9,2.702,73.3,2.764,67.4,2.659,65.6,2.691,76.2,2.791,77.6,2.746,68.3,2.633,75.9,2.707,85.9,2.778,1300
87.6,2.887,81.4,2.706,80.5,2.772,72.4,2.66,68.0,2.692,84.0,2.798,78.2,2.753,67.9,2.63,71.9,2.708,72.8,2.785,1400
85.6,2.898,74.5,2.711,81.7,2.782,63.1,2.653,73.7,2.695,79.8,2.808,75.3,2.757,74.6,2.634,68.4,2.707,78.6,2.79,1500
85.5,2.908,76.8,2.711,77.9,2.789,64.0,2.658,60.7,2.695,81.9,2.813,81.1,2.762,72.6,2.633,66.4,2.707,79.6,2.795,1600
91.8,2.918,77.7,2.711,83.3,2.794,75.1,2.659,64.6,2.695,83.0,2.821,73.8,2.765,71.6,2.635,78.1,2.711,79.0,2.8,1700
91.1,2.926,78.9,2.714,80.1,2.801,68.5,2.659,69.0,2.698,85.9,2.827,78.9,2.769,72.2,2.635,68.3,2.713,71.6,2.801,1800
87.8,2.934,71.2,2.718,80.9,2.807,67.4,2.658,68.3,2.698,81.6,2.832,74.5,2.77,73.4,2.635,78.5,2.713,81.8,2.805,1900
86.6,2.939,74.5,2.718,75.4,2.812,66.6,2.656,75.2,2.702,77.4,2.834,86.9,2.773,71.6,2.638,72.4,2.714,77.1,2.807,2000
86.5,2.942,67.1,2.719,82.3,2.817,64.3,2.655,76.0,2.704,82.5,2.839,86.1,2.777,69.3,2.639,66.5,2.713,75.8,2.808,2100
87.4,2.946,73.7,2.72,79.1,2.819,70.8,2.654,56.5,2.704,81.1,2.845,72.3,2.781,67.9,2.64,65.8,2.712,75.7,2.808,2200
86.3,2.95,75.8,2.719,88.4,2.824,69.1,2.655,64.3,2.703,81.6,2.848,77.2,2.786,70.8,2.641,69.2,2.711,77.4,2.808,2300
89.5,2.953,74.7,2.72,78.8,2.826,66.8,2.656,60.8,2.703,86.6,2.849,70.3,2.789,64.7,2.642,73.4,2.71,85.0,2.808,2400
91.5,2.957,80.0,2.723,82.3,2.826,71.6,2.656,75.4,2.703,81.3,2.851,77.6,2.791,62.7,2.641,65.6,2.709,82.1,2.811,2500
87.8,2.961,72.3,2.724,85.0,2.827,68.5,2.655,76.3,2.705,83.2,2.852,76.2,2.793,66.7,2.638,74.6,2.709,81.1,2.811,2600
88.8,2.962,71.5,2.725,73.2,2.83,71.7,2.656,69.0,2.707,81.8,2.854,78.5,2.796,66.3,2.636,73.1,2.71,84.2,2.811,2700
87.2,2.963,64.0,2.724,81.0,2.832,77.7,2.657,62.4,2.706,81.2,2.856,85.7,2.797,77.5,2.635,76.7,2.71,83.8,2.813,2800
93.3,2.967,61.6,2.722,84.1,2.835,67.2,2.656,54.7,2.705,83.9,2.859,79.5,2.799,67.4,2.636,69.5,2.708,79.4,2.813,2900
88.4,2.969,65.3,2.72,80.4,2.838,59.1,2.654,58.1,2.705,77.4,2.862,71.5,2.799,68.9,2.636,74.0,2.708,76.4,2.813,3000
90.2,2.969,64.5,2.718,83.4,2.839,71.0,2.654,57.8,2.702,78.3,2.862,72.2,2.8,69.8,2.635,78.4,2.71,78.7,2.812,3100
85.9,2.97,63.7,2.716,81.6,2.841,75.7,2.653,76.6,2.704,84.8,2.864,78.2,2.801,74.5,2.633,75.7,2.71,80.1,2.812,3200
85.3,2.968,68.5,2.713,79.3,2.843,68.0,2.652,67.8,2.704,81.0,2.865,77.0,2.801,68.0,2.634,77.7,2.708,75.8,2.812,3300
85.3,2.97,73.4,2.712,80.2,2.844,68.1,2.653,67.1,2.703,80.9,2.866,81.4,2.801,71.4,2.634,71.4,2.709,73.2,2.812,3400
87.8,2.971,69.9,2.711,81.4,2.845,70.1,2.652,65.6,2.701,83.1,2.866,84.6,2.802,75.4,2.634,65.8,2.709,80.7,2.811,3500
83.4,2.97,74.0,2.71,80.3,2.845,66.7,2.651,72.2,2.7,81.9,2.867,77.3,2.803,69.7,2.634,67.5,2.708,79.9,2.81,3600
86.1,2.97,76.9,2.709,80.8,2.846,69.0,2.65,68.2,2.698,86.3,2.867,78.3,2.802,64.7,2.634,75.1,2.707,82.3,2.81,3700
84.8,2.97,73.8,2.71,83.1,2.846,74.8,2.648,61.9,2.697,79.7,2.869,75.1,2.802,69.9,2.632,76.2,2.705,84.3,2.81,3800
81.2,2.968,68.8,2.71,77.9,2.846,69.2,2.647,67.1,2.696,80.4,2.869,79.9,2.802,73.0,2.632,75.8,2.704,81.0,2.809,3900
90.5,2.969,69.0,2.709,79.8,2.847,69.3,2.647,71.4,2.695,79.4,2.869,79.8,2.802,72.6,2.631,75.8,2.703,81.2,2.808,4000
85.5,2.968,68.3,2.708,83.0,2.846,68.4,2.646,66.2,2.692,79.3,2.869,81.0,2.802,72.1,2.629,75.1,2.703,79.8,2.808,4100
81.9,2.967,66.9,2.706,80.8,2.846,68.7,2.644,67.6,2.692,77.2,2.868,81.2,2.802,72.0,2.627,72.3,2.702,73.8,2.806,4200
84.2,2.966,75.8,2.704,80.9,2.845,71.6,2.643,67.0,2.69,80.5,2.867,77.4,2.801,68.3,2.626,67.4,2.702,75.4,2.806,4300
85.0,2.964,82.2,2.702,87.4,2.846,72.4,2.641,66.5,2.688,78.3,2.865,81.0,2.801,72.6,2.625,72.6,2.7,79.9,2.806,4400
89.1,2.964,75.0,2.701,81.5,2.844,68.6,2.638,64.2,2.687,85.1,2.865,77.0,2.8,71.1,2.623,71.5,2.699,78.9,2.807,4500
89.1,2.963,70.7,2.7,83.0,2.843,75.2,2.636,67.5,2.686,77.7,2.864,84.1,2.799,73.0,2.621,79.0,2.698,80.2,2.806,4600
90.6,2.96,71.6,2.698,79.9,2.842,75.6,2.635,68.2,2.684,74.7,2.863,75.2,2.799,68.0,2.619,72.7,2.697,79.2,2.805,4700
88.1,2.958,68.7,2.696,80.8,2.841,72.8,2.634,67.2,2.683,84.2,2.861,74.6,2.798,68.2,2.618,80.3,2.695,84.4,2.804,4800
89.4,2.957,71.3,2.694,79.7,2.839,69.0,2.633,64.3,2.681,82.1,2.86,81.6,2.796,72.3,2.615,74.4,2.694,85.5,2.803,4900
83.9,2.955,75.0,2.692,81.3,2.837,74.2,2.631,68.1,2.68,81.9,2.859,76.3,2.794,65.8,2.614,74.5,2.694,86.6,2.802,5000
86.0,2.952,80.0,2.69,82.0,2.835,70.6,2.629,67.0,2.68,76.6,2.857,81.8,2.793,67.0,2.612,75.3,2.693,84.5,2.801,5100
85.8,2.949,73.1,2.687,82.9,2.834,65.8,2.629,64.8,2.678,81.3,2.855,82.6,2.792,71.3,2.61,73.9,2.692,82.9,2.801,5200
82.8,2.947,74.3,2.684,85.5,2.832,72.1,2.628,68.5,2.676,80.9,2.853,73.7,2.791,75.5,2.608,76.8,2.69,80.9,2.801,5300
81.0,2.945,85.5,2.682,81.4,2.831,69.5,2.627,69.6,2.674,78.1,2.851,78.4,2.79,72.7,2.606,78.2,2.688,82.5,2.8,5400
86.0,2.942,75.6,2.68,84.2,2.83,72.2,2.626,64.8,2.672,78.5,2.849,78.0,2.789,72.2,2.604,75.7,2.687,87.5,2.799,5500
81.6,2.939,75.2,2.677,80.4,2.829,72.9,2.626,68.5,2.671,78.1,2.847,78.7,2.788,69.4,2.602,76.0,2.686,82.4,2.798,5600
82.9,2.937,78.2,2.675,80.4,2.827,74.1,2.625,69.1,2.669,78.9,2.845,80.2,2.786,72.5,2.6,75.8,2.685,80.6,2.798,5700
87.8,2.934,78.3,2.673,88.7,2.825,69.6,2.624,75.0,2.668,80.3,2.842,82.9,2.784,74.8,2.598,76.0,2.684,82.6,2.797,5800
86.3,2.931,74.2,2.671,83.9,2.824,74.6,2.622,72.2,2.666,85.1,2.84,83.7,2.783,72.4,2.596,74.4,2.683,79.0,2.796,5900
87.3,2.927,74.6,2.669,86.4,2.821,71.6,2.621,71.9,2.665,80.0,2.837,87.9,2.78,72.9,2.593,79.1,2.681,83.4,2.795,6000
83.5,2.924,76.2,2.667,81.3,2.82,72.1,2.619,76.3,2.664,79.5,2.834,82.0,2.779,79.8,2.591,78.0,2.68,81.5,2.794,6100
86.7,2.922,73.3,2.664,87.5,2.819,67.6,2.619,71.1,2.662,81.7,2.831,81.1,2.777,79.3,2.59,77.1,2.678,84.7,2.793,6200
84.2,2.919,76.6,2.663,82.3,2.816,75.0,2.618,72.0,2.661,77.0,2.829,78.1,2.775,72.8,2.589,73.2,2.676,90.1,2.792,6300
82.3,2.915,77.0,2.661,87.9,2.814,74.8,2.617,72.8,2.659,79.8,2.827,82.3,2.773,71.5,2.588,78.2,2.675,86.7,2.79,6400
83.7,2.911,79.7,2.659,83.2,2.812,70.9,2.615,73.5,2.657,80.0,2.824,74.1,2.771,68.2,2.586,80.5,2.673,84.1,2.789,6500
86.8,2.908,72.7,2.658,80.9,2.81,69.5,2.614,73.0,2.655,82.9,2.821,83.4,2.769,72.7,2.584,79.7,2.671,83.2,2.787,6600
85.5,2.905,71.7,2.656,88.7,2.807,76.0,2.613,70.7,2.654,79.7,2.819,77.8,2.766,73.9,2.583,81.8,2.669,84.5,2.786,6700
81.7,2.902,78.6,2.654,85.2,2.805,79.3,2.611,77.7,2.652,77.1,2.815,79.9,2.764,74.9,2.581,81.3,2.668,86.0,2.784,6800
83.4,2.899,81.0,2.651,87.9,2.803,76.1,2.609,72.9,2.65,82.6,2.812,79.6,2.761,75.3,2.58,74.9,2.666,83.7,2.783,6900
84.5,2.896,78.6,2.648,85.4,2.801,75.7,2.608,75.4,2.65,88.6,2.81,82.5,2.759,79.4,2.578,74.2,2.664,82.8,2.781,7000
87.7,2.893,85.8,2.645,84.2,2.798,78.6,2.606,74.6,2.649,82.4,2.807,85.3,2.757,70.9,2.576,77.9,2.662,83.4,2.78,7100
87.3,2.89,82.5,2.642,84.2,2.796,73.8,2.605,79.1,2.647,81.9,2.804,82.0,2.755,76.9,2.574,78.6,2.66,86.7,2.778,7200
85.8,2.887,78.5,2.64,84.9,2.794,80.0,2.603,75.3,2.646,85.8,2.801,77.8,2.753,80.0,2.571,80.9,2.658,83.6,2.777,7300
83.0,2.884,79.3,2.637,86.5,2.791,80.7,2.601,71.6,2.645,84.9,2.798,80.0,2.751,74.5,2.569,78.8,2.655,80.7,2.774,7400
89.0,2.881,85.1,2.634,86.2,2.788,76.5,2.6,76.9,2.644,82.7,2.795,85.2,2.749,74.2,2.567,78.6,2.653,85.5,2.772,7500
86.3,2.878,85.3,2.633,85.4,2.787,75.2,2.598,74.1,2.642,83.4,2.792,83.6,2.747,77.0,2.566,77.9,2.651,85.3,2.771,7600
86.7,2.874,84.6,2.631,87.9,2.784,82.0,2.596,71.3,2.64,87.9,2.789,85.1,2.745,73.5,2.563,78.4,2.65,85.4,2.769,7700
83.3,2.87,75.4,2.628,87.5,2.781,76.2,2.594,73.5,2.638,82.2,2.787,79.8,2.744,77.2,2.562,76.4,2.649,89.0,2.767,7800
84.1,2.866,79.4,2.627,87.6,2.779,72.2,2.593,70.4,2.637,91.5,2.784,82.1,2.742,78.7,2.56,76.4,2.648,86.5,2.766,7900
88.1,2.863,79.3,2.625,84.3,2.777,75.5,2.591,77.1,2.635,84.0,2.78,84.3,2.74,75.0,2.559,78.1,2.647,84.1,2.764,8000
87.7,2.859,81.7,2.623,90.9,2.774,78.2,2.589,78.7,2.633,82.5,2.777,84.7,2.738,76.6,2.558,75.1,2.645,86.7,2.762,8100
82.7,2.855,84.4,2.621,91.0,2.772,81.2,2.587,70.7,2.632,84.2,2.774,82.9,2.735,76.4,2.556,77.7,2.643,86.2,2.76,8200
89.5,2.851,81.7,2.62,87.9,2.77,77.2,2.585,69.9,2.63,85.3,2.771,82.3,2.733,73.6,2.555,81.0,2.641,84.4,2.758,8300
82.4,2.848,77.4,2.618,85.4,2.768,73.7,2.584,78.2,2.629,82.8,2.768,79.8,2.731,75.7,2.553,80.4,2.64,89.5,2.756,8400
84.5,2.844,76.4,2.617,92.4,2.765,78.8,2.582,68.2,2.627,82.6,2.766,82.9,2.729,75.2,2.552,82.2,2.638,86.1,2.755,8500
89.2,2.84,81.5,2.615,86.9,2.763,73.1,2.581,73.0,2.625,81.8,2.763,85.2,2.727,79.4,2.55,82.0,2.637,85.3,2.753,8600
84.9,2.837,75.8,2.614,86.5,2.761,73.8,2.58,76.7,2.623,86.8,2.76,83.1,2.725,73.1,2.549,84.2,2.635,84.7,2.751,8700
87.3,2.833,78.2,2.613,88.6,2.759,75.3,2.578,73.1,2.622,79.4,2.758,81.7,2.723,76.8,2.547,79.1,2.633,86.6,2.749,8800
84.2,2.829,79.5,2.611,81.3,2.757,79.9,2.576,75.6,2.62,83.7,2.755,84.2,2.721,77.3,2.546,79.3,2.632,85.7,2.747,8900
85.3,2.826,85.0,2.61,83.9,2.755,70.4,2.575,75.5,2.618,87.8,2.753,82.6,2.719,72.8,2.545,76.6,2.631,89.0,2.746,9000
84.3,2.823,81.9,2.608,83.1,2.753,78.9,2.572,79.2,2.616,84.5,2.751,85.0,2.717,74.5,2.543,75.9,2.63,89.7,2.744,9100
88.6,2.819,78.8,2.607,84.4,2.751,79.2,2.571,76.1,2.614,83.4,2.749,81.8,2.714,81.6,2.542,80.2,2.628,87.3,2.742,9200
86.0,2.816,82.6,2.605,91.6,2.749,75.9,2.569,74.0,2.613,81.6,2.747,82.5,2.712,75.5,2.54,79.2,2.627,89.3,2.741,9300
87.1,2.812,80.7,2.604,89.0,2.747,73.8,2.568,73.0,2.611,80.7,2.744,85.7,2.711,79.3,2.539,83.1,2.625,83.6,2.739,9400
88.8,2.809,81.2,2.602,91.4,2.745,72.9,2.566,76.6,2.61,83.4,2.742,85.4,2.709,77.7,2.538,79.7,2.624,83.3,2.737,9500
82.9,2.806,82.6,2.601,81.0,2.742,75.0,2.565,71.9,2.608,82.9,2.74,83.7,2.707,78.3,2.536,77.8,2.622,87.0,2.735,9600
89.2,2.803,85.5,2.6,84.1,2.74,75.8,2.564,70.1,2.606,88.2,2.738,80.3,2.704,73.9,2.535,77.9,2.62,85.6,2.733,9700
86.4,2.8,80.9,2.599,86.6,2.738,76.9,2.562,73.3,2.604,87.4,2.736,85.5,2.702,75.8,2.533,76.8,2.618,85.2,2.731,9800
87.0,2.797,78.9,2.598,85.6,2.736,77.8,2.561,80.4,2.603,88.8,2.733,83.5,2.7,80.2,2.532,80.3,2.617,87.8,2.729,9900
88.9,2.794,84.5,2.596,84.3,2.734,77.9,2.559,73.0,2.601,84.3,2.731,85.2,2.698,77.8,2.53,78.0,2.616,86.8,2.727,10000
83.7,2.791,82.5,2.596,83.9,2.732,76.8,2.558,78.5,2.6,83.7,2.729,81.5,2.695,76.8,2.529,74.5,2.614,86.8,2.725,10100
89.0,2.788,76.0,2.595,88.5,2.73,72.4,2.556,80.4,2.598,84.4,2.727,81.3,2.693,79.1,2.527,79.3,2.612,89.2,2.724,10200
87.1,2.785,81.6,2.593,84.6,2.728,78.7,2.555,74.6,2.596,83.9,2.724,85.0,2.691,76.6,2.525,79.3,2.611,87.3,2.722,10300
82.0,2.783,81.6,2.592,87.0,2.726,72.9,2.553,75.2,2.595,86.9,2.722,86.1,2.689,74.1,2.524,78.6,2.61,87.3,2.72,10400
89.6,2.78,78.7,2.591,88.0,2.724,75.9,2.552,70.6,2.594,86.8,2.721,83.6,2.687,75.1,2.523,78.9,2.609,88.9,2.718,10500
86.7,2.777,84.8,2.59,84.2,2.723,73.9,2.551,72.9,2.593,83.8,2.718,84.2,2.685,79.1,2.522,77.5,2.608,87.5,2.717,10600
84.6,2.774,82.6,2.588,87.4,2.721,71.6,2.55,75.9,2.591,83.4,2.716,87.3,2.683,72.7,2.521,81.1,2.606,84.5,2.715,10700
84.8,2.772,77.5,2.588,88.5,2.719,76.3,2.548,73.6,2.59,88.5,2.714,85.8,2.68,78.2,2.519,78.7,2.605,87.5,2.713,10800
84.3,2.769,81.1,2.587,87.7,2.717,80.9,2.547,76.7,2.588,88.2,2.712,86.1,2.678,73.5,2.519,78.6,2.603,92.6,2.712,10900
87.7,2.767,84.4,2.585,92.2,2.715,74.9,2.546,80.0,2.587,89.9,2.711,83.4,2.676,77.9,2.517,78.6,2.602,84.9,2.71,11000
86.1,2.765,85.5,2.585,80.9,2.713,74.0,2.545,73.1,2.585,86.1,2.708,81.7,2.674,78.9,2.516,81.6,2.601,89.4,2.709,11100
87.5,2.762,83.5,2.584,89.3,2.712,74.5,2.543,78.2,2.583,88.4,2.706,84.3,2.672,71.9,2.515,78.3,2.6,88.0,2.708,11200
87.8,2.76,85.8,2.582,88.6,2.71,75.4,2.542,81.8,2.581,85.9,2.704,84.6,2.67,76.5,2.513,75.4,2.598,87.6,2.706,11300
85.3,2.758,84.1,2.58,88.9,2.708,75.0,2.54,72.1,2.58,79.0,2.702,84.7,2.668,75.1,2.513,75.1,2.597,89.3,2.704,11400
85.0,2.755,84.5,2.579,89.9,2.707,86.9,2.539,75.7,2.578,84.6,2.7,86.5,2.666,77.5,2.512,80.9,2.595,83.0,2.703,11500
86.2,2.753,80.6,2.578,92.3,2.705,83.3,2.538,77.2,2.576,82.3,2.698,82.4,2.664,76.7,2.51,77.9,2.594,88.6,2.701,11600
86.9,2.751,82.0,2.577,86.0,2.703,78.4,2.537,77.1,2.575,86.9,2.696,83.9,2.662,77.8,2.51,74.3,2.593,86.2,2.699,11700
85.1,2.749,84.5,2.575,87.3,2.701,77.2,2.536,73.0,2.573,84.6,2.694,87.6,2.66,81.0,2.509,83.5,2.592,84.6,2.697,11800
85.2,2.747,79.0,2.574,87.5,2.699,78.4,2.535,80.2,2.572,84.5,2.692,83.8,2.659,80.7,2.508,80.3,2.591,87.4,2.696,11900
86.9,2.745,81.3,2.573,85.2,2.698,74.6,2.533,78.9,2.571,83.9,2.69,85.7,2.657,77.7,2.507,77.4,2.589,87.3,2.694,12000
82.1,2.743,83.8,2.571,85.6,2.696,76.5,2.533,75.7,2.569,85.9,2.688,82.3,2.656,79.8,2.505,78.1,2.587,86.8,2.693,12100
85.0,2.74,79.2,2.57,88.1,2.695,79.1,2.531,74.7,2.568,85.5,2.686,87.8,2.654,74.7,2.504,79.5,2.585,84.7,2.691,12200
87.7,2.738,83.6,2.569,88.2,2.693,83.4,2.53,72.0,2.567,86.7,2.684,85.8,2.653,77.0,2.503,77.4,2.584,86.6,2.69,12300
86.7,2.736,78.0,2.569,89.3,2.692,81.9,2.529,77.8,2.565,84.8,2.683,85.9,2.651,81.9,2.502,79.6,2.582,89.5,2.689,12400
88.3,2.735,87.0,2.568,87.5,2.69,81.4,2.527,79.6,2.564,83.9,2.681,84.8,2.649,82.9,2.501,81.2,2.58,90.1,2.687,12500
86.7,2.733,81.8,2.567,89.2,2.689,82.4,2.525,72.4,2.563,79.9,2.68,87.9,2.647,82.6,2.499,79.9,2.579,92.3,2.686,12600
85.8,2.732,81.5,2.566,86.6,2.687,79.1,2.524,81.1,2.562,82.7,2.678,90.0,2.646,78.2,2.498,75.9,2.577,89.3,2.685,12700
84.5,2.73,82.9,2.566,84.2,2.686,77.8,2.523,75.5,2.561,87.9,2.676,87.9,2.644,77.6,2.497,75.5,2.576,88.4,2.683,12800
86.5,2.729,83.9,2.564,85.7,2.684,76.8,2.522,72.5,2.56,84.7,2.674,83.0,2.643,77.7,2.496,79.5,2.574,86.6,2.682,12900
87.0,2.728,84.4,2.563,88.9,2.683,77.4,2.521,76.4,2.559,85.4,2.672,86.8,2.642,79.3,2.495,76.2,2.573,89.8,2.68,13000
85.5,2.726,84.5,2.562,85.7,2.682,77.8,2.52,79.6,2.558,82.4,2.67,82.6,2.64,76.7,2.494,82.0,2.571,88.2,2.678,13100
83.7,2.724,82.4,2.56,86.2,2.68,79.5,2.518,74.8,2.557,86.7,2.668,88.0,2.638,78.1,2.492,82.2,2.57,86.2,2.677,13200
86.3,2.722,84.0,2.559,86.5,2.679,73.9,2.517,78.5,2.555,83.0,2.667,85.9,2.637,81.6,2.491,77.8,2.569,83.4,2.676,13300
83.0,2.721,80.6,2.557,88.8,2.677,78.4,2.516,75.5,2.554,86.3,2.665,81.5,2.636,79.5,2.49,78.1,2.567,82.7,2.675,13400
84.2,2.72,87.0,2.556,85.2,2.676,82.6,2.515,77.1,2.553,87.3,2.664,83.5,2.634,80.0,2.489,80.0,2.566,90.6,2.673,13500
81.4,2.718,83.7,2.554,88.1,2.675,77.9,2.514,77.7,2.552,85.6,2.662,81.8,2.633,79.5,2.488,79.1,2.564,88.8,2.672,13600
87.1,2.716,90.8,2.553,82.6,2.673,77.8,2.513,75.7,2.551,83.8,2.66,85.7,2.631,80.0,2.487,79.4,2.563,85.8,2.671,13700
82.9,2.715,88.9,2.552,81.8,2.672,79.7,2.512,76.8,2.549,86.5,2.659,82.6,2.63,77.8,2.486,81.5,2.562,86.9,2.669,13800
88.0,2.713,84.0,2.551,89.7,2.671,80.2,2.511,70.9,2.549,82.6,2.657,89.4,2.628,81.9,2.485,71.4,2.56,90.3,2.668,13900
84.9,2.712,86.7,2.55,80.8,2.669,80.4,2.51,78.4,2.548,82.8,2.655,83.2,2.626,78.6,2.484,82.8,2.559,89.1,2.667,14000
85.1,2.711,83.6,2.549,87.4,2.668,73.4,2.509,78.5,2.547,88.4,2.653,84.0,2.625,79.8,2.482,77.2,2.558,87.7,2.666,14100
87.5,2.71,84.9,2.547,84.9,2.667,83.2,2.508,75.9,2.546,85.7,2.652,85.9,2.623,80.5,2.481,79.9,2.557,86.1,2.665,14200
90.0,2.708,87.5,2.546,87.3,2.666,75.1,2.507,77.4,2.545,85.0,2.65,87.2,2.622,79.1,2.48,78.7,2.556,87.4,2.664,14300
86.1,2.707,89.8,2.545,88.7,2.664,79.2,2.505,77.7,2.544,84.9,2.648,86.9,2.621,77.9,2.48,79.9,2.555,89.0,2.662,14400
86.8,2.705,82.3,2.544,84.9,2.663,78.9,2.504,76.9,2.544,85.0,2.647,88.4,2.619,78.8,2.479,72.8,2.553,86.3,2.661,14500
84.3,2.704,86.0,2.543,88.5,2.662,80.3,2.503,76.2,2.543,86.7,2.645,82.5,2.618,77.3,2.478,78.5,2.552,85.4,2.66,14600
80.6,2.702,84.6,2.542,86.0,2.661,80.7,2.502,75.4,2.541,84.7,2.643,85.4,2.617,79.4,2.477,77.8,2.551,87.5,2.658,14700
87.9,2.701,86.4,2.541,88.2,2.66,78.5,2.501,73.0,2.54,82.4,2.642,89.3,2.615,77.1,2.476,77.6,2.55,86.8,2.657,14800
85.2,2.699,86.9,2.54,85.2,2.658,82.8,2.5,74.4,2.54,82.9,2.64,86.4,2.614,80.4,2.475,76.3,2.549,88.5,2.656,14900
87.3,2.697,86.3,2.54,84.7,2.657,82.8,2.499,74.4,2.538,82.5,2.639,84.6,2.613,82.6,2.474,77.4,2.548,85.6,2.654,15000
83.2,2.695,87.7,2.539,91.6,2.656,79.1,2.497,80.5,2.537,83.0,2.637,86.8,2.612,76.3,2.474,80.5,2.546,84.6,2.653,15100
83.8,2.694,88.3,2.538,87.0,2.655,82.6,2.496,75.1,2.537,87.1,2.636,84.0,2.61,81.1,2.473,80.2,2.545,92.2,2.652,15200
87.4,2.692,85.7,2.537,88.4,2.654,79.1,2.495,72.9,2.536,83.7,2.634,85.8,2.609,77.7,2.472,80.4,2.543,84.9,2.651,15300
88.5,2.691,83.1,2.537,82.8,2.653,79.7,2.494,75.0,2.535,85.1,2.633,85.3,2.607,82.0,2.471,77.5,2.542,78.2,2.65,15400
84.4,2.689,85.6,2.536,84.2,2.652,76.4,2.493,80.4,2.534,81.9,2.632,89.2,2.606,80.2,2.471,82.3,2.541,84.6,2.648,15500
87.7,2.687,86.4,2.535,84.4,2.651,84.3,2.491,74.7,2.533,82.6,2.63,87.3,2.605,80.4,2.47,80.4,2.54,89.3,2.647,15600
86.5,2.685,89.8,2.534,84.1,2.65,80.9,2.49,76.3,2.532,86.5,2.629,85.4,2.604,79.3,2.469,77.5,2.539,87.0,2.646,15700
86.9,2.684,84.0,2.532,89.5,2.649,78.9,2.489,81.1,2.531,83.7,2.628,85.2,2.602,75.1,2.469,77.1,2.537,89.2,2.644,15800
86.1,2.682,89.4,2.531,85.5,2.648,84.3,2.488,76.3,2.53,86.0,2.626,87.1,2.601,79.2,2.468,78.5,2.537,87.4,2.643,15900
81.0,2.681,87.1,2.53,87.1,2.647,83.7,2.487,74.5,2.529,86.3,2.625,83.5,2.599,79.6,2.467,79.5,2.535,91.4,2.642,16000
88.3,2.679,85.1,2.529,86.1,2.645,83.4,2.486,76.6,2.528,83.9,2.623,86.0,2.598,75.0,2.466,79.9,2.534,86.7,2.64,16100
84.5,2.678,86.4,2.528,86.6,2.644,79.8,2.485,74.5,2.527,84.4,2.622,85.0,2.597,79.3,2.465,81.3,2.533,87.6,2.639,16200
87.5,2.676,84.0,2.528,85.0,2.643,85.0,2.485,76.6,2.526,87.4,2.621,84.7,2.596,80.6,2.464,77.6,2.532,85.0,2.638,16300
84.6,2.675,88.7,2.527,88.3,2.642,82.5,2.484,79.5,2.525,82.8,2.619,86.7,2.594,78.3,2.464,80.2,2.531,86.8,2.637,16400
90.4,2.674,87.6,2.526,85.9,2.641,79.1,2.483,77.4,2.524,86.7,2.618,86.6,2.593,77.4,2.463,80.5,2.53,88.2,2.636,16500
85.2,2.673,91.9,2.525,82.6,2.639,80.0,2.482,77.5,2.523,84.4,2.616,85.6,2.592,80.4,2.462,78.2,2.529,84.5,2.635,16600
87.4,2.671,88.5,2.524,83.9,2.638,83.2,2.481,82.5,2.522,86.6,2.615,84.9,2.591,76.1,2.461,77.3,2.528,87.1,2.634,16700
81.4,2.67,86.5,2.523,88.4,2.637,77.1,2.481,70.9,2.521,87.7,2.614,82.8,2.59,81.3,2.46,77.9,2.527,86.5,2.632,16800
87.5,2.668,88.7,2.522,80.4,2.636,80.3,2.48,80.2,2.52,83.6,2.613,85.6,2.588,83.6,2.46,80.1,2.526,86.2,2.631,16900
85.4,2.667,85.0,2.521,83.3,2.635,76.0,2.479,77.2,2.519,83.0,2.611,84.8,2.587,80.8,2.459,75.7,2.524,89.9,2.63,17000
84.0,2.665,88.7,2.52,91.4,2.634,82.7,2.478,74.8,2.519,81.7,2.61,85.5,2.586,77.2,2.459,82.0,2.523,90.3,2.628,17100
90.2,2.664,87.7,2.519,88.9,2.633,79.0,2.477,78.3,2.518,85.7,2.609,86.9,2.585,81.6,2.458,81.3,2.522,91.8,2.627,17200
84.9,2.663,87.4,2.518,90.7,2.632,78.6,2.477,80.7,2.517,83.3,2.608,82.9,2.584,76.6,2.457,78.8,2.522,87.1,2.626,17300
84.8,2.662,90.3,2.517,91.0,2.63,82.8,2.476,70.9,2.516,86.5,2.607,86.3,2.583,80.7,2.457,75.6,2.521,86.6,2.625,17400
89.7,2.66,90.5,2.517,89.7,2.629,75.8,2.475,75.4,2.515,84.4,2.606,89.2,2.582,79.0,2.456,80.4,2.52,92.4,2.624,17500
87.0,2.659,86.4,2.516,92.9,2.627,80.2,2.475,82.4,2.514,85.4,2.604,85.1,2.581,77.2,2.455,81.6,2.519,83.5,2.622,17600
83.5,2.658,88.2,2.515,89.7,2.626,77.7,2.474,78.8,2.514,85.7,2.603,83.0,2.58,85.4,2.455,76.1,2.518,88.7,2.621,17700
81.5,2.656,90.4,2.514,86.1,2.624,77.7,2.473,81.1,2.513,83.6,2.602,87.1,2.579,80.1,2.454,78.5,2.517,87.0,2.62,17800
85.9,2.655,88.0,2.513,90.1,2.623,82.4,2.473,75.7,2.512,88.6,2.6,81.8,2.578,81.3,2.454,79.1,2.516,85.6,2.619,17900
83.8,2.653,85.4,2.513,88.7,2.622,80.1,2.472,75.0,2.511,82.1,2.599,85.4,2.577,79.8,2.453,76.2,2.515,89.5,2.618,18000
85.9,2.652,87.8,2.512,89.3,2.62,78.1,2.472,72.5,2.51,85.6,2.598,82.9,2.576,78.5,2.452,78.2,2.515,87.5,2.616,18100
86.1,2.651,81.6,2.511,94.2,2.619,83.1,2.471,73.5,2.51,84.6,2.597,83.8,2.575,82.2,2.452,82.5,2.514,86.4,2.615,18200
82.0,2.65,89.2,2.51,90.7,2.618,77.9,2.47,76.0,2.509,87.9,2.596,87.1,2.574,82.9,2.451,79.9,2.513,88.4,2.614,18300
84.8,2.648,85.9,2.51,87.9,2.617,80.8,2.469,74.2,2.509,84.5,2.595,83.7,2.573,80.4,2.451,83.8,2.512,80.8,2.613,18400
86.9,2.647,89.1,2.509,92.7,2.615,77.8,2.469,75.3,2.508,85.3,2.594,84.3,2.572,81.3,2.45,79.1,2.511,91.1,2.612,18500
82.9,2.645,92.5,2.508,89.6,2.614,76.0,2.468,80.4,2.507,81.1,2.592,84.9,2.571,83.3,2.449,75.1,2.51,89.9,2.611,18600
81.9,2.644,90.6,2.507,90.4,2.613,83.0,2.468,74.8,2.506,89.2,2.591,87.4,2.57,77.5,2.449,79.1,2.51,88.4,2.61,18700
81.7,2.643,88.1,2.507,91.0,2.612,81.0,2.467,77.7,2.505,83.7,2.59,84.7,2.569,78.2,2.448,77.7,2.509,87.3,2.609,18800
84.7,2.641,85.7,2.506,93.5,2.61,86.4,2.466,77.8,2.504,83.4,2.589,84.2,2.568,79.9,2.448,79.7,2.508,88.5,2.608,18900
80.6,2.64,84.4,2.505,92.8,2.609,79.7,2.466,79.5,2.503,84.0,2.588,83.2,2.567,82.7,2.447,82.0,2.507,86.6,2.607,19000
83.4,2.638,89.3,2.504,93.3,2.608,80.7,2.465,76.8,2.503,83.2,2.587,87.8,2.566,82.1,2.447,82.1,2.506,85.0,2.606,19100
87.4,2.637,89.2,2.503,94.0,2.607,79.1,2.465,79.1,2.502,84.5,2.585,85.1,2.566,82.9,2.446,80.7,2.506,86.2,2.605,19200
84.5,2.635,87.5,2.503,91.1,2.606,81.3,2.464,81.4,2.501,83.8,2.584,88.5,2.565,80.2,2.445,73.8,2.505,89.4,2.604,19300
85.5,2.634,82.4,2.502,89.2,2.605,81.0,2.464,75.5,2.5,85.1,2.584,90.3,2.564,79.4,2.445,79.3,2.504,87.9,2.603,19400
82.1,2.632,87.0,2.501,89.2,2.603,80.0,2.463,80.1,2.499,80.5,2.582,88.2,2.563,75.2,2.444,77.3,2.503,86.2,2.603,19500
88.2,2.631,86.2,2.5,90.6,2.602,82.3,2.463,75.1,2.499,83.9,2.581,88.4,2.562,75.0,2.444,75.2,2.502,88.1,2.602,19600
84.7,2.629,83.2,2.499,89.1,2.601,80.4,2.462,74.4,2.498,81.0,2.58,83.2,2.561,78.9,2.443,81.5,2.501,88.0,2.601,19700
86.5,2.628,87.9,2.499,86.4,2.6,80.9,2.461,78.0,2.497,84.9,2.579,83.9,2.561,80.0,2.443,78.0,2.501,87.4,2.6,19800
84.4,2.627,89.3,2.498,86.9,2.599,78.3,2.461,74.8,2.497,85.9,2.578,85.0,2.56,82.3,2.442,79.3,2.5,83.9,2.599,19900
83.4,2.625,88.3,2.497,87.6,2.597,83.7,2.46,76.7,2.496,84.2,2.578,84.0,2.559,84.7,2.442,80.2,2.499,89.8,2.598,20000
85.9,2.624,85.8,2.496,89.4,2.596,85.2,2.46,73.3,2.495,82.9,2.577,85.2,2.558,81.7,2.441,77.4,2.499,90.0,2.597,20100
84.0,2.623,88.9,2.496,85.9,2.595,80.8,2.459,78.8,2.494,87.1,2.576,83.3,2.557,83.3,2.441,74.2,2.498,89.1,2.596,20200
86.8,2.621,89.9,2.495,89.8,2.594,84.1,2.459,75.4,2.494,83.6,2.575,84.6,2.556,79.2,2.44,80.7,2.497,89.9,2.595,20300
86.8,2.62,87.7,2.494,93.9,2.593,82.2,2.458,79.0,2.493,84.7,2.574,87.9,2.556,80.2,2.439,78.4,2.496,87.5,2.595,20400
84.9,2.619,88.4,2.493,94.8,2.592,78.4,2.458,73.5,2.492,87.2,2.573,86.2,2.555,83.1,2.439,79.1,2.496,88.7,2.593,20500
86.1,2.618,90.1,2.493,88.8,2.591,79.1,2.457,80.7,2.491,84.4,2.572,84.8,2.554,76.5,2.438,81.1,2.495,88.3,2.593,20600
89.4,2.616,91.2,2.492,87.5,2.59,82.5,2.457,77.9,2.491,86.1,2.571,83.5,2.553,81.4,2.438,82.8,2.494,87.3,2.592,20700
84.8,2.615,84.1,2.491,87.5,2.589,81.3,2.457,77.3,2.49,85.3,2.57,81.0,2.552,77.3,2.437,76.0,2.493,90.3,2.591,20800
84.4,2.613,90.6,2.49,89.5,2.588,81.4,2.456,78.2,2.489,83.4,2.569,86.1,2.552,76.2,2.437,85.1,2.493,86.1,2.59,20900
85.2,2.612,85.1,2.49,91.8,2.587,78.1,2.456,75.1,2.488,84.8,2.568,81.9,2.551,81.3,2.436,76.1,2.492,87.8,2.589,21000
82.8,2.611,85.8,2.489,91.6,2.586,82.9,2.455,71.9,2.488,88.3,2.567,81.6,2.55,80.1,2.436,76.8,2.491,85.0,2.588,21100
86.7,2.609,90.1,2.488,90.0,2.585,78.1,2.454,75.3,2.487,83.7,2.566,82.3,2.55,83.3,2.436,80.0,2.491,84.2,2.587,21200
81.9,2.608,88.0,2.487,92.0,2.584,80.4,2.454,80.0,2.486,86.3,2.565,85.5,2.549,77.9,2.435,78.2,2.49,87.2,2.587,21300
84.7,2.607,86.6,2.487,93.2,2.583,77.9,2.453,71.8,2.486,84.8,2.565,86.0,2.548,79.7,2.435,81.5,2.489,89.0,2.586,21400
84.3,2.606,85.2,2.486,93.6,2.582,82.1,2.453,76.8,2.485,83.9,2.564,86.3,2.548,79.5,2.434,78.3,2.489,88.6,2.585,21500
84.3,2.604,89.5,2.485,89.8,2.581,80.4,2.452,73.8,2.484,86.3,2.563,90.6,2.547,77.1,2.433,78.4,2.488,87.9,2.584,21600
82.7,2.603,87.5,2.485,91.8,2.58,83.0,2.451,80.5,2.484,82.4,2.562,83.9,2.546,80.3,2.433,78.1,2.487,87.9,2.583,21700
84.4,2.602,87.0,2.484,89.0,2.579,80.1,2.451,75.1,2.483,86.4,2.562,86.7,2.546,80.9,2.432,75.9,2.487,86.1,2.583,21800
84.9,2.601,88.4,2.483,90.1,2.578,82.7,2.45,73.4,2.482,85.2,2.561,85.3,2.545,81.0,2.432,81.0,2.486,88.2,2.582,21900
85.3,2.6,90.7,2.482,91.2,2.577,75.4,2.449,81.4,2.482,86.0,2.56,82.6,2.544,85.0,2.431,78.8,2.485,82.2,2.581,22000
83.1,2.599,86.3,2.482,89.9,2.576,76.0,2.449,81.6,2.481,86.5,2.559,87.6,2.543,79.7,2.431,81.9,2.485,84.6,2.58,22100
84.0,2.598,88.3,2.481,87.8,2.576,81.6,2.449,74.6,2.481,85.0,2.558,88.2,2.543,80.3,2.43,80.2,2.484,83.1,2.579,22200
84.5,2.596,86.6,2.48,90.6,2.575,84.0,2.448,78.0,2.48,84.3,2.557,85.8,2.542,73.9,2.43,81.0,2.484,86.2,2.578,22300
83.5,2.595,86.0,2.48,90.5,2.574,76.7,2.448,76.2,2.479,84.0,2.556,85.5,2.541,78.3,2.429,80.6,2.483,89.5,2.578,22400
85.4,2.594,86.2,2.479,92.5,2.573,79.4,2.447,78.7,2.479,84.8,2.555,86.3,2.541,77.3,2.429,82.7,2.483,86.0,2.577,22500
82.7,2.593,86.4,2.478,92.2,2.572,80.1,2.447,76.4,2.478,86.3,2.555,83.1,2.54,81.1,2.429,79.7,2.482,86.4,2.577,22600
85.1,2.591,87.5,2.478,89.8,2.571,76.9,2.446,77.6,2.478,83.9,2.554,86.2,2.539,71.9,2.428,83.0,2.482,84.3,2.576,22700
82.5,2.59,87.3,2.477,91.9,2.57,81.0,2.445,72.5,2.477,85.8,2.553,83.5,2.539,79.0,2.427,76.4,2.481,89.5,2.576,22800
84.0,2.589,89.3,2.477,91.0,2.569,80.1,2.445,74.3,2.477,82.2,2.552,86.3,2.538,77.1,2.427,77.2,2.48,88.0,2.575,22900
86.0,2.588,85.9,2.476,93.7,2.568,78.7,2.444,72.1,2.476,89.4,2.551,82.1,2.538,79.2,2.427,78.4,2.48,86.9,2.574,23000
84.6,2.587,88.9,2.475,89.5,2.567,80.2,2.443,77.8,2.475,84.9,2.55,87.6,2.537,77.6,2.426,80.0,2.479,87.6,2.574,23100
86.6,2.586,86.8,2.474,91.9,2.566,81.1,2.443,79.6,2.475,81.5,2.55,88.6,2.536,78.7,2.426,81.0,2.479,84.3,2.573,23200
84.2,2.585,88.4,2.474,89.1,2.566,79.6,2.443,81.2,2.475,86.2,2.549,85.4,2.536,76.4,2.426,81.7,2.478,87.6,2.572,23300
85.3,2.584,83.6,2.473,91.7,2.565,81.9,2.442,72.2,2.474,83.4,2.548,82.3,2.535,77.8,2.425,78.1,2.477,86.4,2.571,23400
86.5,2.583,86.3,2.473,90.3,2.564,80.6,2.442,78.9,2.473,86.3,2.547,84.1,2.535,79.6,2.425,82.0,2.477,89.9,2.571,23500
90.1,2.582,85.9,2.472,92.4,2.563,79.5,2.441,75.8,2.473,82.4,2.546,86.3,2.534,74.7,2.425,78.0,2.476,88.4,2.57,23600
86.8,2.581,89.3,2.471,86.7,2.562,82.1,2.441,78.3,2.472,85.7,2.546,87.3,2.533,83.8,2.424,79.4,2.476,86.7,2.569,23700
84.9,2.58,87.5,2.471,90.6,2.561,76.6,2.44,78.7,2.472,83.5,2.545,87.3,2.533,82.1,2.424,76.0,2.475,86.6,2.569,23800
84.1,2.579,88.4,2.47,90.8,2.56,87.4,2.44,77.9,2.471,85.5,2.544,87.1,2.532,83.9,2.423,79.2,2.475,86.9,2.568,23900
83.1,2.578,87.3,2.469,89.7,2.559,78.5,2.44,77.6,2.471,82.7,2.543,84.0,2.531,77.6,2.423,78.6,2.474,86.9,2.567,24000
86.4,2.577,87.0,2.469,90.7,2.559,83.4,2.44,77.7,2.47,87.8,2.543,86.1,2.531,82.8,2.423,76.2,2.474,82.8,2.567,24100
85.3,2.576,87.0,2.468,91.3,2.558,81.2,2.439,77.6,2.469,82.8,2.542,85.9,2.53,79.4,2.423,79.2,2.473,85.8,2.566,24200
85.2,2.575,83.0,2.468,94.6,2.557,82.8,2.439,72.5,2.469,84.3,2.541,85.5,2.529,79.5,2.422,77.0,2.473,87.5,2.565,24300
85.2,2.574,88.4,2.467,93.9,2.556,84.7,2.438,78.4,2.468,87.0,2.541,85.1,2.529,75.3,2.422,80.0,2.472,86.5,2.564,24400
87.2,2.573,86.9,2.466,93.4,2.555,77.4,2.438,78.5,2.468,81.4,2.54,81.7,2.528,75.1,2.422,79.1,2.472,90.2,2.564,24500
86.4,2.572,86.2,2.466,91.2,2.555,79.2,2.437,74.0,2.467,82.1,2.539,88.4,2.527,79.6,2.421,79.1,2.471,86.6,2.563,24600
85.5,2.571,84.5,2.465,93.0,2.554,81.1,2.437,80.0,2.467,79.4,2.539,87.4,2.527,83.1,2.421,80.1,2.471,84.6,2.563,24700
87.3,2.57,85.8,2.465,95.0,2.553,84.0,2.436,77.4,2.466,85.9,2.538,88.6,2.526,82.2,2.421,80.5,2.47,88.0,2.562,24800
81.6,2.569,90.8,2.464,89.3,2.552,81.6,2.436,81.3,2.466,82.6,2.537,88.2,2.526,79.4,2.42,79.1,2.47,85.7,2.561,24900
78.2,2.568,88.4,2.464,90.4,2.552,80.8,2.435,75.1,2.465,85.4,2.536,84.3,2.525,80.6,2.42,78.9,2.47,86.4,2.561,25000
88.6,2.567,87.1,2.463,88.4,2.551,81.8,2.435,77.1,2.465,84.5,2.536,84.8,2.525,76.0,2.42,81.6,2.469,90.2,2.56,25100
87.4,2.566,88.0,2.463,96.7,2.55,90.3,2.435,76.2,2.464,82.3,2.535,88.7,2.524,80.6,2.419,79.0,2.469,85.9,2.56,25200
85.8,2.565,89.3,2.462,88.8,2.549,83.9,2.434,74.3,2.464,87.3,2.534,83.6,2.523,79.5,2.419,80.9,2.468,84.7,2.559,25300
82.8,2.565,88.6,2.461,85.3,2.548,80.2,2.434,78.1,2.463,87.6,2.534,85.7,2.523,82.9,2.419,77.8,2.468,87.0,2.559,25400
