round,moody_avg_mood,moody_avg_score,moody_avg_connectivity,sarsa_avg_score,sarsa_avg_connectivity,tft_avg_score,tft_avg_connectivity,wsls_avg_score,wsls_avg_connectivity
0,0,0,0,0,0,0,0,0.0,0.0
100,0,0,0,0,0,0,0,0.0,0.0
200,0,0,0,0,0,0,0,0.0,0.0
300,0,0,0,0,0,0,0,0.0,0.0
400,0,0,0,0,0,0,0,0.0,0.0
500,0,0,0,0,0,0,0,0.0,0.0
600,0,0,0,0,0,0,0,0.0,0.0
700,0,0,0,0,0,0,0,0.0,0.0
800,0,0,0,0,0,0,0,0.0,0.0
900,0,0,0,0,0,0,0,0.0,0.0
1000,0,0,0,0,0,0,0,0.0,0.0
1100,0,0,0,0,0,0,0,0.0,0.0
1200,0,0,0,0,0,0,0,0.0,0.0
1300,0,0,0,0,0,0,0,0.0,0.0
1400,0,0,0,0,0,0,0,0.0,0.0
1500,0,0,0,0,0,0,0,0.0,0.0
1600,0,0,0,0,0,0,0,0.0,0.0
1700,0,0,0,0,0,0,0,0.0,0.0
1800,0,0,0,0,0,0,0,0.0,0.0
1900,0,0,0,0,0,0,0,0.0,0.0
2000,0,0,0,0,0,0,0,0.0,0.0
2100,0,0,0,0,0,0,0,0.0,0.0
2200,0,0,0,0,0,0,0,0.0,0.0
0,0,0,0,0,0,0,0,31.5,0.143
100,0,0,0,0,0,0,0,50.0,0.754
200,0,0,0,0,0,0,0,50.0,0.704
300,0,0,0,0,0,0,0,50.0,0.766
400,0,0,0,0,0,0,0,50.0,0.732
500,0,0,0,0,0,0,0,50.0,0.794
600,0,0,0,0,0,0,0,50.0,0.76
700,0,0,0,0,0,0,0,50.0,0.696
800,0,0,0,0,0,0,0,50.0,0.705
900,0,0,0,0,0,0,0,50.0,0.774
1000,0,0,0,0,0,0,0,50.0,0.767
1100,0,0,0,0,0,0,0,50.0,0.746
1200,0,0,0,0,0,0,0,50.0,0.744
1300,0,0,0,0,0,0,0,50.0,0.717
1400,0,0,0,0,0,0,0,50.0,0.777
1500,0,0,0,0,0,0,0,50.0,0.711
1600,0,0,0,0,0,0,0,50.0,0.746
1700,0,0,0,0,0,0,0,50.0,0.758
1800,0,0,0,0,0,0,0,50.0,0.734
1900,0,0,0,0,0,0,0,50.0,0.776
2000,0,0,0,0,0,0,0,50.0,0.737
2100,0,0,0,0,0,0,0,50.0,0.704
2200,0,0,0,0,0,0,0,50.0,0.764
2300,0,0,0,0,0,0,0,50.0,0.755
2400,0,0,0,0,0,0,0,50.0,0.754
2500,0,0,0,0,0,0,0,50.0,0.695
2600,0,0,0,0,0,0,0,50.0,0.802
2700,0,0,0,0,0,0,0,50.0,0.743
2800,0,0,0,0,0,0,0,50.0,0.796
0,58.0,4.0,0.25,0,0,0,0,33.333,0.15
100,100.0,3.623,1.0,0,0,0,0,50.0,0.785
200,99.0,3.621,1.25,0,0,0,0,50.0,0.762
300,100.0,3.614,1.125,0,0,0,0,50.0,0.781
400,100.0,3.603,1.125,0,0,0,0,50.0,0.749
500,100.0,3.6,1.0,0,0,0,0,50.0,0.788
600,100.0,3.605,1.0,0,0,0,0,50.0,0.784
700,100.0,3.613,1.25,0,0,0,0,50.0,0.747
800,100.0,3.617,1.0,0,0,0,0,50.0,0.663
900,100.0,3.626,0.75,0,0,0,0,50.0,0.718
1000,100.0,3.624,1.125,0,0,0,0,50.0,0.759
1100,99.0,3.629,1.0,0,0,0,0,50.0,0.768
1200,100.0,3.633,1.0,0,0,0,0,50.0,0.792
1300,100.0,3.635,1.0,0,0,0,0,50.0,0.704
1400,99.0,3.635,1.25,0,0,0,0,50.0,0.67
1500,99.0,3.632,1.25,0,0,0,0,50.0,0.706
1600,100.0,3.634,1.0,0,0,0,0,50.0,0.756
1700,100.0,3.634,1.0,0,0,0,0,50.0,0.73
1800,100.0,3.635,1.0,0,0,0,0,50.0,0.735
1900,100.0,3.63,1.375,0,0,0,0,50.0,0.749
2000,100.0,3.627,1.125,0,0,0,0,50.0,0.689
2100,100.0,3.624,1.5,0,0,0,0,50.0,0.722
2200,98.0,3.626,1.0,0,0,0,0,50.0,0.773
2300,100.0,3.627,0.875,0,0,0,0,50.0,0.721
2400,100.0,3.627,1.125,0,0,0,0,50.0,0.762
2500,100.0,3.628,1.0,0,0,0,0,50.0,0.714
2600,100.0,3.626,1.25,0,0,0,0,50.0,0.791
2700,100.0,3.627,1.375,0,0,0,0,50.0,0.826
2800,100.0,3.627,1.25,0,0,0,0,50.0,0.78
2900,99.0,3.627,1.125,0,0,0,0,50.0,0.77
3000,100.0,3.624,0.875,0,0,0,0,50.0,0.728
0,0,0,0,0,0,0.0,0.0,32.323,0.147
100,0,0,0,0,0,50.0,0.667,50.0,0.737
200,0,0,0,0,0,50.0,1.0,50.0,0.779
300,0,0,0,0,0,50.0,1.0,50.0,0.72
400,0,0,0,0,0,50.0,0.333,50.0,0.702
500,0,0,0,0,0,50.0,1.0,50.0,0.776
600,0,0,0,0,0,50.0,0.667,50.0,0.76
700,0,0,0,0,0,50.0,0.333,50.0,0.747
800,0,0,0,0,0,50.0,0.333,50.0,0.765
900,0,0,0,0,0,50.0,0.0,50.0,0.76
1000,0,0,0,0,0,50.0,1.333,50.0,0.716
1100,0,0,0,0,0,50.0,0.333,50.0,0.748
1200,0,0,0,0,0,50.0,1.0,50.0,0.794
1300,0,0,0,0,0,50.0,1.0,50.0,0.712
1400,0,0,0,0,0,50.0,1.0,50.0,0.721
1500,0,0,0,0,0,50.0,0.667,50.0,0.741
1600,0,0,0,0,0,50.0,1.333,50.0,0.753
1700,0,0,0,0,0,50.0,1.333,50.0,0.79
1800,0,0,0,0,0,50.0,1.0,50.0,0.698
1900,0,0,0,0,0,50.0,1.0,50.0,0.761
2000,0,0,0,0,0,50.0,1.0,50.0,0.792
2100,0,0,0,0,0,50.0,1.0,50.0,0.722
2200,0,0,0,0,0,50.0,0.333,50.0,0.739
2300,0,0,0,0,0,50.0,1.333,50.0,0.708
2400,0,0,0,0,0,50.0,0.333,50.0,0.738
2500,0,0,0,0,0,50.0,1.333,50.0,0.742
2600,0,0,0,0,0,50.0,0.667,50.0,0.689
2700,0,0,0,0,0,50.0,0.667,50.0,0.706
2800,0,0,0,0,0,50.0,1.333,50.0,0.712
2900,0,0,0,0,0,50.0,0.667,50.0,0.756
3000,0,0,0,0,0,50.0,0.333,50.0,0.71
3100,0,0,0,0,0,50.0,1.333,50.0,0.752
3200,0,0,0,0,0,50.0,0.333,50.0,0.771
3300,0,0,0,0,0,50.0,1.333,50.0,0.737
3400,0,0,0,0,0,50.0,0.667,50.0,0.756
3500,0,0,0,0,0,50.0,0.667,50.0,0.743
3600,0,0,0,0,0,50.0,1.0,50.0,0.777
3700,0,0,0,0,0,50.0,0.667,50.0,0.707
3800,0,0,0,0,0,50.0,0.667,50.0,0.754
3900,0,0,0,0,0,50.0,1.0,50.0,0.7
4000,0,0,0,0,0,50.0,1.333,50.0,0.677
4100,0,0,0,0,0,50.0,0.667,50.0,0.777
4200,0,0,0,0,0,50.0,0.667,50.0,0.716
4300,0,0,0,0,0,50.0,1.333,50.0,0.727
4400,0,0,0,0,0,50.0,1.0,50.0,0.694
4500,0,0,0,0,0,50.0,0.667,50.0,0.708
4600,0,0,0,0,0,50.0,1.0,50.0,0.701
4700,0,0,0,0,0,50.0,1.0,50.0,0.73
4800,0,0,0,0,0,50.0,1.0,50.0,0.753
4900,0,0,0,0,0,50.0,1.0,50.0,0.705
5000,0,0,0,0,0,50.0,1.667,50.0,0.672
5100,0,0,0,0,0,50.0,0.667,50.0,0.751
5200,0,0,0,0,0,50.0,1.0,50.0,0.748
5300,0,0,0,0,0,50.0,1.0,50.0,0.753
5400,0,0,0,0,0,50.0,1.0,50.0,0.707
0,0,0,0,0,0,50.0,0.167,31.818,0.137
100,0,0,0,0,0,50.0,0.583,50.0,0.676
200,0,0,0,0,0,50.0,0.583,50.0,0.749
300,0,0,0,0,0,50.0,0.333,50.0,0.717
400,0,0,0,0,0,50.0,0.417,50.0,0.723
500,0,0,0,0,0,50.0,0.417,50.0,0.685
600,0,0,0,0,0,50.0,0.5,50.0,0.744
700,0,0,0,0,0,50.0,0.583,50.0,0.75
800,0,0,0,0,0,50.0,0.5,50.0,0.775
900,0,0,0,0,0,50.0,0.583,50.0,0.701
1000,0,0,0,0,0,50.0,0.75,50.0,0.671
1100,0,0,0,0,0,50.0,0.333,50.0,0.711
1200,0,0,0,0,0,50.0,0.5,50.0,0.764
1300,0,0,0,0,0,50.0,0.583,50.0,0.744
1400,0,0,0,0,0,50.0,0.333,50.0,0.8
1500,0,0,0,0,0,50.0,0.417,50.0,0.731
1600,0,0,0,0,0,50.0,0.583,50.0,0.722
1700,0,0,0,0,0,50.0,0.583,50.0,0.721
1800,0,0,0,0,0,50.0,0.5,50.0,0.767
1900,0,0,0,0,0,50.0,0.583,50.0,0.796
2000,0,0,0,0,0,50.0,0.75,50.0,0.727
2100,0,0,0,0,0,50.0,0.5,50.0,0.72
2200,0,0,0,0,0,50.0,0.583,50.0,0.715
2300,0,0,0,0,0,50.0,0.583,50.0,0.782
2400,0,0,0,0,0,50.0,0.583,50.0,0.74
2500,0,0,0,0,0,50.0,0.5,50.0,0.748
2600,0,0,0,0,0,50.0,0.75,50.0,0.732
2700,0,0,0,0,0,50.0,0.75,50.0,0.785
2800,0,0,0,0,0,50.0,0.5,50.0,0.687
2900,0,0,0,0,0,50.0,0.333,50.0,0.742
3000,0,0,0,0,0,50.0,0.75,50.0,0.756
3100,0,0,0,0,0,50.0,0.667,50.0,0.771
3200,0,0,0,0,0,50.0,0.5,50.0,0.692
3300,0,0,0,0,0,50.0,0.667,50.0,0.691
3400,0,0,0,0,0,50.0,0.167,50.0,0.728
3500,0,0,0,0,0,50.0,0.583,50.0,0.716
3600,0,0,0,0,0,50.0,0.417,50.0,0.742
3700,0,0,0,0,0,50.0,0.667,50.0,0.731
3800,0,0,0,0,0,50.0,0.833,50.0,0.74
3900,0,0,0,0,0,50.0,0.583,50.0,0.731
4000,0,0,0,0,0,50.0,0.333,50.0,0.738
4100,0,0,0,0,0,50.0,0.583,50.0,0.697
4200,0,0,0,0,0,50.0,0.583,50.0,0.64
4300,0,0,0,0,0,50.0,0.417,50.0,0.714
4400,0,0,0,0,0,50.0,0.5,50.0,0.785
4500,0,0,0,0,0,50.0,0.667,50.0,0.781
4600,0,0,0,0,0,50.0,0.667,50.0,0.745
4700,0,0,0,0,0,50.0,0.667,50.0,0.817
4800,0,0,0,0,0,50.0,0.583,50.0,0.733
4900,0,0,0,0,0,50.0,0.583,50.0,0.718
5000,0,0,0,0,0,50.0,0.75,50.0,0.714
5100,0,0,0,0,0,50.0,0.583,50.0,0.713
5200,0,0,0,0,0,50.0,0.5,50.0,0.724
5300,0,0,0,0,0,50.0,0.667,50.0,0.713
5400,0,0,0,0,0,50.0,0.417,50.0,0.787
5500,0,0,0,0,0,50.0,0.417,50.0,0.728
5600,0,0,0,0,0,50.0,0.417,50.0,0.701
5700,0,0,0,0,0,50.0,0.5,50.0,0.731
5800,0,0,0,0,0,50.0,0.667,50.0,0.774
5900,0,0,0,0,0,50.0,0.5,50.0,0.729
6000,0,0,0,0,0,50.0,0.417,50.0,0.684
6100,0,0,0,0,0,50.0,0.75,50.0,0.682
6200,0,0,0,0,0,50.0,0.417,50.0,0.71
6300,0,0,0,0,0,50.0,0.5,50.0,0.762
6400,0,0,0,0,0,50.0,0.333,50.0,0.774
6500,0,0,0,0,0,50.0,0.583,50.0,0.727
6600,0,0,0,0,0,50.0,0.417,50.0,0.71
6700,0,0,0,0,0,50.0,0.333,50.0,0.753
6800,0,0,0,0,0,50.0,0.333,50.0,0.71
6900,0,0,0,0,0,50.0,0.583,50.0,0.701
7000,0,0,0,0,0,50.0,0.417,50.0,0.744
7100,0,0,0,0,0,50.0,0.167,50.0,0.759
7200,0,0,0,0,0,50.0,0.583,50.0,0.752
7300,0,0,0,0,0,50.0,0.583,50.0,0.673
7400,0,0,0,0,0,50.0,0.667,50.0,0.75
7500,0,0,0,0,0,50.0,0.583,50.0,0.717
7600,0,0,0,0,0,50.0,0.667,50.0,0.738
7700,0,0,0,0,0,50.0,0.583,50.0,0.773
7800,0,0,0,0,0,50.0,0.5,50.0,0.77
7900,0,0,0,0,0,50.0,0.417,50.0,0.702
8000,0,0,0,0,0,50.0,0.417,50.0,0.781
8100,0,0,0,0,0,50.0,0.667,50.0,0.714
8200,0,0,0,0,0,50.0,0.583,50.0,0.752
8300,0,0,0,0,0,50.0,0.583,50.0,0.777
8400,0,0,0,0,0,50.0,0.333,50.0,0.725
8500,0,0,0,0,0,50.0,0.667,50.0,0.82
8600,0,0,0,0,0,50.0,0.583,50.0,0.763
8700,0,0,0,0,0,50.0,0.333,50.0,0.728
8800,0,0,0,0,0,50.0,0.5,50.0,0.688
8900,0,0,0,0,0,50.0,0.583,50.0,0.702
9000,0,0,0,0,0,50.0,0.583,50.0,0.773
9100,0,0,0,0,0,50.0,0.333,50.0,0.735
9200,0,0,0,0,0,50.0,0.5,50.0,0.691
9300,0,0,0,0,0,50.0,0.417,50.0,0.754
9400,0,0,0,0,0,50.0,0.5,50.0,0.676
9500,0,0,0,0,0,50.0,0.5,50.0,0.728
9600,0,0,0,0,0,50.0,0.25,50.0,0.775
9700,0,0,0,0,0,50.0,0.5,50.0,0.744
9800,0,0,0,0,0,50.0,0.417,50.0,0.732
9900,0,0,0,0,0,50.0,0.5,50.0,0.76
10000,0,0,0,0,0,50.0,0.333,50.0,0.742
10100,0,0,0,0,0,50.0,0.5,50.0,0.73
10200,0,0,0,0,0,50.0,0.417,50.0,0.709
10300,0,0,0,0,0,50.0,0.5,50.0,0.769
10400,0,0,0,0,0,50.0,0.25,50.0,0.733
10500,0,0,0,0,0,50.0,0.583,50.0,0.705
10600,0,0,0,0,0,50.0,0.5,50.0,0.694
10700,0,0,0,0,0,50.0,0.583,50.0,0.785
10800,0,0,0,0,0,50.0,0.417,50.0,0.728
10900,0,0,0,0,0,50.0,0.75,50.0,0.741
11000,0,0,0,0,0,50.0,0.583,50.0,0.731
11100,0,0,0,0,0,50.0,0.417,50.0,0.735
11200,0,0,0,0,0,50.0,0.417,50.0,0.76
11300,0,0,0,0,0,50.0,0.5,50.0,0.746
11400,0,0,0,0,0,50.0,0.583,50.0,0.749
11500,0,0,0,0,0,50.0,0.583,50.0,0.814
11600,0,0,0,0,0,50.0,0.583,50.0,0.748
11700,0,0,0,0,0,50.0,0.5,50.0,0.804
11800,0,0,0,0,0,50.0,0.417,50.0,0.771
11900,0,0,0,0,0,50.0,0.5,50.0,0.765
12000,0,0,0,0,0,50.0,0.5,50.0,0.76
12100,0,0,0,0,0,50.0,0.333,50.0,0.736
12200,0,0,0,0,0,50.0,0.25,50.0,0.822
12300,0,0,0,0,0,50.0,0.417,50.0,0.711
12400,0,0,0,0,0,50.0,0.417,50.0,0.72
12500,0,0,0,0,0,50.0,0.5,50.0,0.702
12600,0,0,0,0,0,50.0,0.417,50.0,0.728
12700,0,0,0,0,0,50.0,0.417,50.0,0.758
12800,0,0,0,0,0,50.0,0.667,50.0,0.726
12900,0,0,0,0,0,50.0,0.583,50.0,0.763
13000,0,0,0,0,0,50.0,0.417,50.0,0.684
13100,0,0,0,0,0,50.0,0.5,50.0,0.679
13200,0,0,0,0,0,50.0,0.25,50.0,0.703
13300,0,0,0,0,0,50.0,0.5,50.0,0.792
13400,0,0,0,0,0,50.0,0.333,50.0,0.71
13500,0,0,0,0,0,50.0,0.333,50.0,0.741
13600,0,0,0,0,0,50.0,0.583,50.0,0.724
13700,0,0,0,0,0,50.0,0.333,50.0,0.707
13800,0,0,0,0,0,50.0,0.75,50.0,0.693
13900,0,0,0,0,0,50.0,0.5,50.0,0.772
14000,0,0,0,0,0,50.0,0.667,50.0,0.708
14100,0,0,0,0,0,50.0,0.417,50.0,0.693
14200,0,0,0,0,0,50.0,0.5,50.0,0.727
14300,0,0,0,0,0,50.0,0.583,50.0,0.747
14400,0,0,0,0,0,50.0,0.75,50.0,0.741
14500,0,0,0,0,0,50.0,0.417,50.0,0.765
14600,0,0,0,0,0,50.0,0.5,50.0,0.749
14700,0,0,0,0,0,50.0,0.5,50.0,0.742
14800,0,0,0,0,0,50.0,0.667,50.0,0.71
14900,0,0,0,0,0,50.0,0.333,50.0,0.687
15000,0,0,0,0,0,50.0,0.333,50.0,0.762
15100,0,0,0,0,0,50.0,0.667,50.0,0.762
15200,0,0,0,0,0,50.0,0.667,50.0,0.719
15300,0,0,0,0,0,50.0,0.333,50.0,0.77
15400,0,0,0,0,0,50.0,0.583,50.0,0.764
15500,0,0,0,0,0,50.0,0.417,50.0,0.843
15600,0,0,0,0,0,50.0,0.25,50.0,0.767
15700,0,0,0,0,0,50.0,0.417,50.0,0.762
15800,0,0,0,0,0,50.0,0.583,50.0,0.803
15900,0,0,0,0,0,50.0,0.417,50.0,0.736
16000,0,0,0,0,0,50.0,0.333,50.0,0.797
16100,0,0,0,0,0,50.0,0.5,50.0,0.73
16200,0,0,0,0,0,50.0,0.417,50.0,0.738
16300,0,0,0,0,0,50.0,0.75,50.0,0.725
16400,0,0,0,0,0,50.0,0.5,50.0,0.701
16500,0,0,0,0,0,50.0,0.75,50.0,0.75
16600,0,0,0,0,0,50.0,0.5,50.0,0.801
16700,0,0,0,0,0,50.0,0.5,50.0,0.741
16800,0,0,0,0,0,50.0,0.583,50.0,0.786
16900,0,0,0,0,0,50.0,0.667,50.0,0.749
17000,0,0,0,0,0,50.0,0.583,50.0,0.71
17100,0,0,0,0,0,50.0,0.5,50.0,0.756
17200,0,0,0,0,0,50.0,0.5,50.0,0.778
17300,0,0,0,0,0,50.0,0.333,50.0,0.768
17400,0,0,0,0,0,50.0,0.667,50.0,0.761
17500,0,0,0,0,0,50.0,0.75,50.0,0.756
17600,0,0,0,0,0,50.0,0.5,50.0,0.75
17700,0,0,0,0,0,50.0,0.5,50.0,0.718
17800,0,0,0,0,0,50.0,0.583,50.0,0.722
17900,0,0,0,0,0,50.0,0.667,50.0,0.726
18000,0,0,0,0,0,50.0,0.583,50.0,0.7
18100,0,0,0,0,0,50.0,0.583,50.0,0.713
18200,0,0,0,0,0,50.0,0.25,50.0,0.691
18300,0,0,0,0,0,50.0,0.583,50.0,0.732
18400,0,0,0,0,0,50.0,0.583,50.0,0.724
18500,0,0,0,0,0,50.0,0.333,50.0,0.7
18600,0,0,0,0,0,50.0,0.5,50.0,0.774
18700,0,0,0,0,0,50.0,0.75,50.0,0.738
18800,0,0,0,0,0,50.0,0.5,50.0,0.744
18900,0,0,0,0,0,50.0,0.667,50.0,0.738
19000,0,0,0,0,0,50.0,0.583,50.0,0.699
19100,0,0,0,0,0,50.0,0.25,50.0,0.797
19200,0,0,0,0,0,50.0,0.583,50.0,0.813
19300,0,0,0,0,0,50.0,0.583,50.0,0.693
19400,0,0,0,0,0,50.0,0.917,50.0,0.788
19500,0,0,0,0,0,50.0,0.583,50.0,0.79
19600,0,0,0,0,0,50.0,0.5,50.0,0.729
19700,0,0,0,0,0,50.0,0.833,50.0,0.725
19800,0,0,0,0,0,50.0,0.25,50.0,0.741
19900,0,0,0,0,0,50.0,0.5,50.0,0.802
20000,0,0,0,0,0,50.0,0.5,50.0,0.737
20100,0,0,0,0,0,50.0,0.75,50.0,0.758
20200,0,0,0,0,0,50.0,0.75,50.0,0.771
20300,0,0,0,0,0,50.0,0.583,50.0,0.774
20400,0,0,0,0,0,50.0,0.417,50.0,0.689
20500,0,0,0,0,0,50.0,0.667,50.0,0.763
20600,0,0,0,0,0,50.0,0.5,50.0,0.769
20700,0,0,0,0,0,50.0,0.5,50.0,0.792
20800,0,0,0,0,0,50.0,0.333,50.0,0.82
20900,0,0,0,0,0,50.0,0.583,50.0,0.723
21000,0,0,0,0,0,50.0,0.583,50.0,0.701
21100,0,0,0,0,0,50.0,0.583,50.0,0.765
21200,0,0,0,0,0,50.0,0.583,50.0,0.725
21300,0,0,0,0,0,50.0,0.417,50.0,0.682
21400,0,0,0,0,0,50.0,0.417,50.0,0.707
21500,0,0,0,0,0,50.0,0.5,50.0,0.804
21600,0,0,0,0,0,50.0,0.583,50.0,0.744
21700,0,0,0,0,0,50.0,0.667,50.0,0.744
21800,0,0,0,0,0,50.0,0.5,50.0,0.726
21900,0,0,0,0,0,50.0,0.333,50.0,0.721
22000,0,0,0,0,0,50.0,0.25,50.0,0.739
22100,0,0,0,0,0,50.0,0.167,50.0,0.747
22200,0,0,0,0,0,50.0,0.583,50.0,0.738
22300,0,0,0,0,0,50.0,0.5,50.0,0.727
22400,0,0,0,0,0,50.0,0.667,50.0,0.644
22500,0,0,0,0,0,50.0,0.583,50.0,0.715
22600,0,0,0,0,0,50.0,0.333,50.0,0.755
22700,0,0,0,0,0,50.0,0.583,50.0,0.759
22800,0,0,0,0,0,50.0,0.417,50.0,0.753
22900,0,0,0,0,0,50.0,0.5,50.0,0.769
23000,0,0,0,0,0,50.0,0.417,50.0,0.744
23100,0,0,0,0,0,50.0,0.75,50.0,0.77
23200,0,0,0,0,0,50.0,0.5,50.0,0.706
23300,0,0,0,0,0,50.0,0.417,50.0,0.769
23400,0,0,0,0,0,50.0,0.75,50.0,0.808
23500,0,0,0,0,0,50.0,0.25,50.0,0.758
23600,0,0,0,0,0,50.0,0.583,50.0,0.708
23700,0,0,0,0,0,50.0,0.583,50.0,0.711
23800,0,0,0,0,0,50.0,0.583,50.0,0.698
23900,0,0,0,0,0,50.0,0.583,50.0,0.79
24000,0,0,0,0,0,50.0,0.5,50.0,0.666
24100,0,0,0,0,0,50.0,0.583,50.0,0.775
24200,0,0,0,0,0,50.0,0.75,50.0,0.738
24300,0,0,0,0,0,50.0,0.667,50.0,0.709
24400,0,0,0,0,0,50.0,0.417,50.0,0.718
24500,0,0,0,0,0,50.0,0.417,50.0,0.746
24600,0,0,0,0,0,50.0,0.75,50.0,0.709
24700,0,0,0,0,0,50.0,0.5,50.0,0.728
24800,0,0,0,0,0,50.0,0.667,50.0,0.706
24900,0,0,0,0,0,50.0,0.583,50.0,0.726
25000,0,0,0,0,0,50.0,0.583,50.0,0.755
25100,0,0,0,0,0,50.0,0.5,50.0,0.714
25200,0,0,0,0,0,50.0,0.583,50.0,0.718
25300,0,0,0,0,0,50.0,0.583,50.0,0.769
25400,0,0,0,0,0,50.0,0.5,50.0,0.784
25500,0,0,0,0,0,50.0,0.583,50.0,0.764
25600,0,0,0,0,0,50.0,0.25,50.0,0.743
25700,0,0,0,0,0,50.0,0.583,50.0,0.688
25800,0,0,0,0,0,50.0,0.5,50.0,0.708
25900,0,0,0,0,0,50.0,0.5,50.0,0.721
26000,0,0,0,0,0,50.0,0.083,50.0,0.786
26100,0,0,0,0,0,50.0,0.417,50.0,0.757
26200,0,0,0,0,0,50.0,0.417,50.0,0.752
26300,0,0,0,0,0,50.0,0.417,50.0,0.752
26400,0,0,0,0,0,50.0,0.583,50.0,0.725
26500,0,0,0,0,0,50.0,0.583,50.0,0.759
26600,0,0,0,0,0,50.0,0.333,50.0,0.746
26700,0,0,0,0,0,50.0,0.667,50.0,0.724
26800,0,0,0,0,0,50.0,0.667,50.0,0.709
26900,0,0,0,0,0,50.0,0.25,50.0,0.744
27000,0,0,0,0,0,50.0,0.5,50.0,0.717
27100,0,0,0,0,0,50.0,0.5,50.0,0.795
27200,0,0,0,0,0,50.0,0.833,50.0,0.752
27300,0,0,0,0,0,50.0,0.5,50.0,0.739
27400,0,0,0,0,0,50.0,0.75,50.0,0.703
27500,0,0,0,0,0,50.0,0.583,50.0,0.795
27600,0,0,0,0,0,50.0,0.333,50.0,0.773
27700,0,0,0,0,0,50.0,0.417,50.0,0.717
27800,0,0,0,0,0,50.0,0.75,50.0,0.747
27900,0,0,0,0,0,50.0,0.667,50.0,0.734
28000,0,0,0,0,0,50.0,0.417,50.0,0.757
28100,0,0,0,0,0,50.0,0.5,50.0,0.725
28200,0,0,0,0,0,50.0,0.417,50.0,0.715
28300,0,0,0,0,0,50.0,0.5,50.0,0.691
28400,0,0,0,0,0,50.0,0.333,50.0,0.701
28500,0,0,0,0,0,50.0,0.333,50.0,0.736
28600,0,0,0,0,0,50.0,0.5,50.0,0.795
28700,0,0,0,0,0,50.0,0.667,50.0,0.718
28800,0,0,0,0,0,50.0,0.333,50.0,0.735
28900,0,0,0,0,0,50.0,0.417,50.0,0.709
29000,0,0,0,0,0,50.0,0.417,50.0,0.734
29100,0,0,0,0,0,50.0,0.5,50.0,0.707
29200,0,0,0,0,0,50.0,0.417,50.0,0.802
29300,0,0,0,0,0,50.0,0.583,50.0,0.742
29400,0,0,0,0,0,50.0,0.333,50.0,0.767
29500,0,0,0,0,0,50.0,0.25,50.0,0.742
29600,0,0,0,0,0,50.0,0.583,50.0,0.773
29700,0,0,0,0,0,50.0,0.667,50.0,0.737
29800,0,0,0,0,0,50.0,0.583,50.0,0.724
29900,0,0,0,0,0,50.0,0.583,50.0,0.723
30000,0,0,0,0,0,50.0,0.667,50.0,0.724
30100,0,0,0,0,0,50.0,0.667,50.0,0.749
30200,0,0,0,0,0,50.0,0.333,50.0,0.765
30300,0,0,0,0,0,50.0,0.417,50.0,0.718
30400,0,0,0,0,0,50.0,0.5,50.0,0.762
30500,0,0,0,0,0,50.0,0.25,50.0,0.736
30600,0,0,0,0,0,50.0,0.333,50.0,0.74
30700,0,0,0,0,0,50.0,0.5,50.0,0.808
30800,0,0,0,0,0,50.0,0.667,50.0,0.757
30900,0,0,0,0,0,50.0,0.333,50.0,0.714
31000,0,0,0,0,0,50.0,0.417,50.0,0.815
31100,0,0,0,0,0,50.0,0.5,50.0,0.748
31200,0,0,0,0,0,50.0,0.25,50.0,0.768
31300,0,0,0,0,0,50.0,0.5,50.0,0.778
31400,0,0,0,0,0,50.0,0.75,50.0,0.745
31500,0,0,0,0,0,50.0,0.333,50.0,0.768
31600,0,0,0,0,0,50.0,0.5,50.0,0.697
31700,0,0,0,0,0,50.0,0.417,50.0,0.716
31800,0,0,0,0,0,50.0,0.5,50.0,0.741
31900,0,0,0,0,0,50.0,0.583,50.0,0.753
32000,0,0,0,0,0,50.0,0.417,50.0,0.765
32100,0,0,0,0,0,50.0,0.417,50.0,0.716
32200,0,0,0,0,0,50.0,0.583,50.0,0.734
32300,0,0,0,0,0,50.0,0.5,50.0,0.797
32400,0,0,0,0,0,50.0,0.583,50.0,0.722
32500,0,0,0,0,0,50.0,0.333,50.0,0.722
32600,0,0,0,0,0,50.0,0.583,50.0,0.733
32700,0,0,0,0,0,50.0,0.5,50.0,0.73
32800,0,0,0,0,0,50.0,0.333,50.0,0.713
32900,0,0,0,0,0,50.0,0.25,50.0,0.722
33000,0,0,0,0,0,50.0,0.333,50.0,0.696
33100,0,0,0,0,0,50.0,0.417,50.0,0.773
33200,0,0,0,0,0,50.0,0.5,50.0,0.775
33300,0,0,0,0,0,50.0,0.5,50.0,0.7
33400,0,0,0,0,0,50.0,0.25,50.0,0.74
33500,0,0,0,0,0,50.0,0.833,50.0,0.67
33600,0,0,0,0,0,50.0,0.5,50.0,0.699
33700,0,0,0,0,0,50.0,0.583,50.0,0.748
33800,0,0,0,0,0,50.0,0.417,50.0,0.714
33900,0,0,0,0,0,50.0,0.25,50.0,0.744
34000,0,0,0,0,0,50.0,0.417,50.0,0.772
34100,0,0,0,0,0,50.0,0.583,50.0,0.712
34200,0,0,0,0,0,50.0,0.667,50.0,0.795
34300,0,0,0,0,0,50.0,0.5,50.0,0.701
34400,0,0,0,0,0,50.0,0.5,50.0,0.754
34500,0,0,0,0,0,50.0,0.583,50.0,0.761
34600,0,0,0,0,0,50.0,0.5,50.0,0.732
34700,0,0,0,0,0,50.0,0.5,50.0,0.688
34800,0,0,0,0,0,50.0,0.417,50.0,0.713
34900,0,0,0,0,0,50.0,0.583,50.0,0.763
35000,0,0,0,0,0,50.0,0.417,50.0,0.777
35100,0,0,0,0,0,50.0,0.25,50.0,0.701
35200,0,0,0,0,0,50.0,0.583,50.0,0.741
35300,0,0,0,0,0,50.0,0.667,50.0,0.689
35400,0,0,0,0,0,50.0,0.5,50.0,0.655
35500,0,0,0,0,0,50.0,0.583,50.0,0.75
35600,0,0,0,0,0,50.0,0.333,50.0,0.788
35700,0,0,0,0,0,50.0,0.667,50.0,0.725
35800,0,0,0,0,0,50.0,0.25,50.0,0.659
35900,0,0,0,0,0,50.0,0.333,50.0,0.721
36000,0,0,0,0,0,50.0,0.333,50.0,0.711
36100,0,0,0,0,0,50.0,0.75,50.0,0.752
36200,0,0,0,0,0,50.0,0.25,50.0,0.732
36300,0,0,0,0,0,50.0,0.583,50.0,0.78
36400,0,0,0,0,0,50.0,0.25,50.0,0.767
36500,0,0,0,0,0,50.0,0.5,50.0,0.745
36600,0,0,0,0,0,50.0,0.5,50.0,0.729
36700,0,0,0,0,0,50.0,0.333,50.0,0.7
36800,0,0,0,0,0,50.0,0.417,50.0,0.725
36900,0,0,0,0,0,50.0,0.417,50.0,0.687
37000,0,0,0,0,0,50.0,0.667,50.0,0.732
37100,0,0,0,0,0,50.0,0.417,50.0,0.777
37200,0,0,0,0,0,50.0,0.417,50.0,0.7
37300,0,0,0,0,0,50.0,0.583,50.0,0.707
37400,0,0,0,0,0,50.0,0.417,50.0,0.762
37500,0,0,0,0,0,50.0,0.5,50.0,0.708
37600,0,0,0,0,0,50.0,0.583,50.0,0.731
37700,0,0,0,0,0,50.0,0.5,50.0,0.743
37800,0,0,0,0,0,50.0,0.667,50.0,0.795
37900,0,0,0,0,0,50.0,0.25,50.0,0.745
38000,0,0,0,0,0,50.0,0.5,50.0,0.709
38100,0,0,0,0,0,50.0,0.5,50.0,0.741
38200,0,0,0,0,0,50.0,0.5,50.0,0.705
38300,0,0,0,0,0,50.0,0.5,50.0,0.735
38400,0,0,0,0,0,50.0,0.417,50.0,0.743
38500,0,0,0,0,0,50.0,0.667,50.0,0.753
38600,0,0,0,0,0,50.0,0.5,50.0,0.759
38700,0,0,0,0,0,50.0,0.583,50.0,0.774
38800,0,0,0,0,0,50.0,0.25,50.0,0.793
38900,0,0,0,0,0,50.0,0.417,50.0,0.75
39000,0,0,0,0,0,50.0,0.5,50.0,0.73
39100,0,0,0,0,0,50.0,0.583,50.0,0.736
39200,0,0,0,0,0,50.0,0.5,50.0,0.742
39300,0,0,0,0,0,50.0,0.417,50.0,0.712
39400,0,0,0,0,0,50.0,0.5,50.0,0.746
39500,0,0,0,0,0,50.0,0.333,50.0,0.725
39600,0,0,0,0,0,50.0,0.417,50.0,0.769
39700,0,0,0,0,0,50.0,0.5,50.0,0.762
39800,0,0,0,0,0,50.0,0.333,50.0,0.709
39900,0,0,0,0,0,50.0,0.417,50.0,0.678
40000,0,0,0,0,0,50.0,0.667,50.0,0.747
40100,0,0,0,0,0,50.0,0.417,50.0,0.719
40200,0,0,0,0,0,50.0,0.5,50.0,0.756
40300,0,0,0,0,0,50.0,0.25,50.0,0.752
40400,0,0,0,0,0,50.0,0.5,50.0,0.783
40500,0,0,0,0,0,50.0,0.417,50.0,0.662
40600,0,0,0,0,0,50.0,0.333,50.0,0.736
40700,0,0,0,0,0,50.0,0.417,50.0,0.702
40800,0,0,0,0,0,50.0,0.5,50.0,0.722
40900,0,0,0,0,0,50.0,0.75,50.0,0.756
41000,0,0,0,0,0,50.0,0.583,50.0,0.727
41100,0,0,0,0,0,50.0,0.667,50.0,0.806
41200,0,0,0,0,0,50.0,0.667,50.0,0.696
41300,0,0,0,0,0,50.0,0.583,50.0,0.694
41400,0,0,0,0,0,50.0,0.25,50.0,0.715
41500,0,0,0,0,0,50.0,0.5,50.0,0.739
41600,0,0,0,0,0,50.0,0.417,50.0,0.659
41700,0,0,0,0,0,50.0,0.75,50.0,0.793
41800,0,0,0,0,0,50.0,0.5,50.0,0.779
41900,0,0,0,0,0,50.0,0.417,50.0,0.762
42000,0,0,0,0,0,50.0,0.5,50.0,0.723
42100,0,0,0,0,0,50.0,0.333,50.0,0.709
42200,0,0,0,0,0,50.0,0.667,50.0,0.766
42300,0,0,0,0,0,50.0,0.583,50.0,0.703
42400,0,0,0,0,0,50.0,0.583,50.0,0.674
42500,0,0,0,0,0,50.0,0.333,50.0,0.716
42600,0,0,0,0,0,50.0,0.667,50.0,0.796
42700,0,0,0,0,0,50.0,0.75,50.0,0.675
42800,0,0,0,0,0,50.0,0.583,50.0,0.75
42900,0,0,0,0,0,50.0,0.5,50.0,0.72
43000,0,0,0,0,0,50.0,0.583,50.0,0.773
43100,0,0,0,0,0,50.0,0.25,50.0,0.724
43200,0,0,0,0,0,50.0,0.417,50.0,0.828
43300,0,0,0,0,0,50.0,0.667,50.0,0.715
43400,0,0,0,0,0,50.0,0.667,50.0,0.755
43500,0,0,0,0,0,50.0,0.417,50.0,0.717
43600,0,0,0,0,0,50.0,0.583,50.0,0.722
43700,0,0,0,0,0,50.0,0.5,50.0,0.762
43800,0,0,0,0,0,50.0,0.667,50.0,0.812
43900,0,0,0,0,0,50.0,0.083,50.0,0.766
44000,0,0,0,0,0,50.0,0.583,50.0,0.744
44100,0,0,0,0,0,50.0,0.667,50.0,0.807
44200,0,0,0,0,0,50.0,0.833,50.0,0.72
44300,0,0,0,0,0,50.0,0.583,50.0,0.724
44400,0,0,0,0,0,50.0,0.583,50.0,0.729
44500,0,0,0,0,0,50.0,0.5,50.0,0.701
44600,0,0,0,0,0,50.0,0.5,50.0,0.753
44700,0,0,0,0,0,50.0,0.5,50.0,0.736
44800,0,0,0,0,0,50.0,0.75,50.0,0.764
44900,0,0,0,0,0,50.0,0.333,50.0,0.799
45000,0,0,0,0,0,50.0,0.583,50.0,0.744
45100,0,0,0,0,0,50.0,0.5,50.0,0.759
45200,0,0,0,0,0,50.0,0.25,50.0,0.776
45300,0,0,0,0,0,50.0,0.5,50.0,0.722
45400,0,0,0,0,0,50.0,0.5,50.0,0.776
45500,0,0,0,0,0,50.0,0.5,50.0,0.757
45600,0,0,0,0,0,50.0,0.667,50.0,0.765
45700,0,0,0,0,0,50.0,0.333,50.0,0.744
45800,0,0,0,0,0,50.0,0.417,50.0,0.777
45900,0,0,0,0,0,50.0,0.667,50.0,0.761
46000,0,0,0,0,0,50.0,0.417,50.0,0.773
46100,0,0,0,0,0,50.0,0.5,50.0,0.75
46200,0,0,0,0,0,50.0,0.583,50.0,0.782
46300,0,0,0,0,0,50.0,0.583,50.0,0.767
46400,0,0,0,0,0,50.0,0.333,50.0,0.738
46500,0,0,0,0,0,50.0,0.667,50.0,0.768
46600,0,0,0,0,0,50.0,0.417,50.0,0.701
46700,0,0,0,0,0,50.0,0.417,50.0,0.687
46800,0,0,0,0,0,50.0,0.333,50.0,0.663
46900,0,0,0,0,0,50.0,0.583,50.0,0.76
47000,0,0,0,0,0,50.0,0.5,50.0,0.763
47100,0,0,0,0,0,50.0,0.833,50.0,0.781
47200,0,0,0,0,0,50.0,0.417,50.0,0.71
47300,0,0,0,0,0,50.0,0.583,50.0,0.776
47400,0,0,0,0,0,50.0,0.417,50.0,0.74
47500,0,0,0,0,0,50.0,0.667,50.0,0.797
47600,0,0,0,0,0,50.0,0.417,50.0,0.747
47700,0,0,0,0,0,50.0,0.5,50.0,0.736
47800,0,0,0,0,0,50.0,0.5,50.0,0.749
47900,0,0,0,0,0,50.0,0.417,50.0,0.652
48000,0,0,0,0,0,50.0,0.583,50.0,0.74
48100,0,0,0,0,0,50.0,0.417,50.0,0.772
48200,0,0,0,0,0,50.0,0.5,50.0,0.763
48300,0,0,0,0,0,50.0,0.5,50.0,0.843
48400,0,0,0,0,0,50.0,0.417,50.0,0.78
48500,0,0,0,0,0,50.0,0.333,50.0,0.683
48600,0,0,0,0,0,50.0,0.25,50.0,0.726
48700,0,0,0,0,0,50.0,0.417,50.0,0.792
48800,0,0,0,0,0,50.0,1.0,50.0,0.765
48900,0,0,0,0,0,50.0,0.5,50.0,0.722
49000,0,0,0,0,0,50.0,0.333,50.0,0.745
49100,0,0,0,0,0,50.0,0.25,50.0,0.747
49200,0,0,0,0,0,50.0,0.667,50.0,0.748
49300,0,0,0,0,0,50.0,0.583,50.0,0.815
49400,0,0,0,0,0,50.0,0.75,50.0,0.753
49500,0,0,0,0,0,50.0,0.5,50.0,0.749
49600,0,0,0,0,0,50.0,0.417,50.0,0.748
49700,0,0,0,0,0,50.0,0.417,50.0,0.8
49800,0,0,0,0,0,50.0,0.417,50.0,0.76
49900,0,0,0,0,0,50.0,0.333,50.0,0.742
0,0,0,0,0,0,0,0,31.5,0.145
100,0,0,0,0,0,0,0,50.0,0.702
200,0,0,0,0,0,0,0,50.0,0.753
300,0,0,0,0,0,0,0,50.0,0.805
400,0,0,0,0,0,0,0,50.0,0.756
500,0,0,0,0,0,0,0,50.0,0.723
600,0,0,0,0,0,0,0,50.0,0.737
700,0,0,0,0,0,0,0,50.0,0.741
800,0,0,0,0,0,0,0,50.0,0.756
900,0,0,0,0,0,0,0,50.0,0.734
1000,0,0,0,0,0,0,0,50.0,0.748
1100,0,0,0,0,0,0,0,50.0,0.724
1200,0,0,0,0,0,0,0,50.0,0.772
0,0,0,0,0,0,0,0,31.5,0.149
100,0,0,0,0,0,0,0,50.0,0.728
200,0,0,0,0,0,0,0,50.0,0.754
300,0,0,0,0,0,0,0,50.0,0.785
400,0,0,0,0,0,0,0,50.0,0.757
500,0,0,0,0,0,0,0,50.0,0.699
600,0,0,0,0,0,0,0,50.0,0.688
700,0,0,0,0,0,0,0,50.0,0.779
800,0,0,0,0,0,0,0,50.0,0.769
900,0,0,0,0,0,0,0,50.0,0.778
1000,0,0,0,0,0,0,0,50.0,0.7
1100,0,0,0,0,0,0,0,50.0,0.734
1200,0,0,0,0,0,0,0,50.0,0.748
1300,0,0,0,0,0,0,0,50.0,0.726
1400,0,0,0,0,0,0,0,50.0,0.737
1500,0,0,0,0,0,0,0,50.0,0.715
1600,0,0,0,0,0,0,0,50.0,0.694
1700,0,0,0,0,0,0,0,50.0,0.765
1800,0,0,0,0,0,0,0,50.0,0.773
1900,0,0,0,0,0,0,0,50.0,0.674
2000,0,0,0,0,0,0,0,50.0,0.793
2100,0,0,0,0,0,0,0,50.0,0.811
2200,0,0,0,0,0,0,0,50.0,0.712
2300,0,0,0,0,0,0,0,50.0,0.72
2400,0,0,0,0,0,0,0,50.0,0.76
2500,0,0,0,0,0,0,0,50.0,0.726
2600,0,0,0,0,0,0,0,50.0,0.71
2700,0,0,0,0,0,0,0,50.0,0.741
2800,0,0,0,0,0,0,0,50.0,0.792
2900,0,0,0,0,0,0,0,50.0,0.732
3000,0,0,0,0,0,0,0,50.0,0.693
3100,0,0,0,0,0,0,0,50.0,0.76
3200,0,0,0,0,0,0,0,50.0,0.713
3300,0,0,0,0,0,0,0,50.0,0.73
3400,0,0,0,0,0,0,0,50.0,0.745
3500,0,0,0,0,0,0,0,50.0,0.762
0,0,0,0,0,0,0,0,33.0,0.153
100,0,0,0,0,0,0,0,50.0,0.733
200,0,0,0,0,0,0,0,50.0,0.737
300,0,0,0,0,0,0,0,50.0,0.848
400,0,0,0,0,0,0,0,50.0,0.745
500,0,0,0,0,0,0,0,50.0,0.716
0,0,0,0,0,0,0,0,31.0,0.15
100,0,0,0,0,0,0,0,50.0,0.741
200,0,0,0,0,0,0,0,50.0,0.701
300,0,0,0,0,0,0,0,50.0,0.794
400,0,0,0,0,0,0,0,50.0,0.681
500,0,0,0,0,0,0,0,50.0,0.781
600,0,0,0,0,0,0,0,50.0,0.763
700,0,0,0,0,0,0,0,50.0,0.777
800,0,0,0,0,0,0,0,50.0,0.721
900,0,0,0,0,0,0,0,50.0,0.723
1000,0,0,0,0,0,0,0,50.0,0.755
1100,0,0,0,0,0,0,0,50.0,0.738
1200,0,0,0,0,0,0,0,50.0,0.757
1300,0,0,0,0,0,0,0,50.0,0.7
1400,0,0,0,0,0,0,0,50.0,0.732
1500,0,0,0,0,0,0,0,50.0,0.779
1600,0,0,0,0,0,0,0,50.0,0.754
1700,0,0,0,0,0,0,0,50.0,0.741
1800,0,0,0,0,0,0,0,50.0,0.786
0,0,0,0,0,0,0,0,34.0,0.147
100,0,0,0,0,0,0,0,50.0,0.752
200,0,0,0,0,0,0,0,50.0,0.729
300,0,0,0,0,0,0,0,50.0,0.73
400,0,0,0,0,0,0,0,50.0,0.821
500,0,0,0,0,0,0,0,50.0,0.742
600,0,0,0,0,0,0,0,50.0,0.713
700,0,0,0,0,0,0,0,50.0,0.782
800,0,0,0,0,0,0,0,50.0,0.725
900,0,0,0,0,0,0,0,50.0,0.766
1000,0,0,0,0,0,0,0,50.0,0.729
1100,0,0,0,0,0,0,0,50.0,0.758
1200,0,0,0,0,0,0,0,50.0,0.802
1300,0,0,0,0,0,0,0,50.0,0.69
1400,0,0,0,0,0,0,0,50.0,0.792
1500,0,0,0,0,0,0,0,50.0,0.786
0,52.137,1.315,0.15,1.583,0.116,0,0,0,0
100,89.877,2.45,0.828,3.305,0.441,0,0,0,0
200,90.808,2.596,0.656,3.44,0.201,0,0,0,0
300,91.685,2.683,0.533,3.463,0.074,0,0,0,0
400,90.055,2.741,0.482,3.485,0.074,0,0,0,0
500,90.219,2.78,0.457,3.499,0.064,0,0,0,0
0,52.136,1.35,0.143,2.0,0.171,0,0,0,0
100,88.864,2.471,0.817,3.411,0.392,0,0,0,0
200,85.602,2.586,0.586,3.463,0.11,0,0,0,0
300,86.125,2.644,0.456,3.468,0.028,0,0,0,0
400,85.92,2.679,0.4,3.47,0.0,0,0,0,0
500,86.182,2.705,0.353,3.47,0.0,0,0,0,0
600,85.852,2.725,0.32,3.47,0.0,0,0,0,0
700,84.205,2.739,0.303,3.47,0.0,0,0,0,0
800,84.875,2.75,0.279,3.47,0.0,0,0,0,0
900,84.614,2.758,0.27,3.47,0.0,0,0,0,0
1000,83.193,2.765,0.263,3.47,0.0,0,0,0,0
1100,84.864,2.744,0.925,3.47,0.448,0,0,0,0
1200,85.136,2.747,0.749,3.485,0.14,0,0,0,0
1300,83.83,2.759,0.617,3.491,0.017,0,0,0,0
1400,82.614,2.769,0.513,3.494,0.0,0,0,0,0
1500,81.42,2.777,0.476,3.494,0.0,0,0,0,0
1600,81.898,2.784,0.438,3.494,0.0,0,0,0,0
1700,80.409,2.79,0.407,3.494,0.0,0,0,0,0
1800,81.216,2.795,0.392,3.494,0.0,0,0,0,0
1900,81.318,2.799,0.38,3.494,0.0,0,0,0,0
2000,79.989,2.803,0.363,3.494,0.0,0,0,0,0
2100,84.477,2.795,0.977,3.502,0.219,0,0,0,0
2200,82.25,2.798,0.848,3.494,0.126,0,0,0,0
2300,83.068,2.803,0.747,3.499,0.0,0,0,0,0
2400,80.125,2.808,0.675,3.499,0.0,0,0,0,0
2500,81.58,2.812,0.59,3.499,0.0,0,0,0,0
2600,80.193,2.816,0.532,3.499,0.0,0,0,0,0
2700,79.852,2.82,0.514,3.499,0.0,0,0,0,0
2800,79.682,2.822,0.479,3.499,0.0,0,0,0,0
2900,78.261,2.824,0.456,3.499,0.0,0,0,0,0
3000,79.386,2.826,0.435,3.499,0.0,0,0,0,0
3100,84.989,2.819,1.039,3.519,0.498,0,0,0,0
3200,83.602,2.819,0.879,3.502,0.153,0,0,0,0
3300,80.705,2.822,0.776,3.489,0.031,0,0,0,0
3400,82.125,2.825,0.66,3.488,0.0,0,0,0,0
0,52.148,1.282,0.145,1.583,0.1,0,0,0,0
100,88.841,2.469,0.839,3.217,0.462,0,0,0,0
200,87.17,2.577,0.629,3.233,0.097,0,0,0,0
300,86.227,2.642,0.478,3.242,0.01,0,0,0,0
0,52.098,1.317,0.152,1.979,0.141,0,0,0,0
100,87.348,2.568,0.885,3.248,0.338,0,0,0,0
0,51.933,1.251,0.139,1.9,0.166,0,0,0,0
100,88.744,2.523,0.862,3.394,0.396,0,0,0,0
200,86.156,2.614,0.634,3.424,0.093,0,0,0,0
300,85.156,2.664,0.477,3.431,0.045,0,0,0,0
400,85.311,2.697,0.413,3.436,0.0,0,0,0,0
500,85.5,2.718,0.379,3.436,0.0,0,0,0,0
600,84.778,2.735,0.357,3.436,0.0,0,0,0,0
700,84.422,2.747,0.318,3.436,0.0,0,0,0,0
800,83.856,2.756,0.295,3.436,0.0,0,0,0,0
900,82.967,2.763,0.273,3.436,0.0,0,0,0,0
1000,83.133,2.769,0.27,3.436,0.0,0,0,0,0
1100,86.167,2.756,0.98,3.463,0.361,0,0,0,0
1200,83.6,2.761,0.819,3.488,0.158,0,0,0,0
1300,83.756,2.772,0.708,3.485,0.0,0,0,0,0
1400,83.067,2.783,0.645,3.485,0.0,0,0,0,0
1500,83.6,2.791,0.578,3.485,0.0,0,0,0,0
1600,81.789,2.797,0.537,3.485,0.0,0,0,0,0
1700,82.778,2.801,0.502,3.485,0.0,0,0,0,0
1800,81.311,2.806,0.454,3.485,0.0,0,0,0,0
1900,81.367,2.809,0.423,3.485,0.0,0,0,0,0
2000,80.778,2.812,0.4,3.485,0.0,0,0,0,0
2100,84.733,2.806,0.988,3.468,0.365,0,0,0,0
0,51.695,1.285,0.145,2.0,0.149,0,0,0,0
100,88.878,2.403,0.759,2.939,0.312,0,0,0,0
200,86.707,2.52,0.53,3.054,0.074,0,0,0,0
300,86.122,2.589,0.418,3.069,0.007,0,0,0,0
400,86.293,2.631,0.362,3.07,0.0,0,0,0,0
500,85.232,2.661,0.337,3.07,0.0,0,0,0,0
600,85.695,2.682,0.309,3.07,0.0,0,0,0,0
700,85.171,2.699,0.287,3.07,0.0,0,0,0,0
800,84.805,2.711,0.284,3.07,0.0,0,0,0,0
900,85.232,2.721,0.27,3.07,0.0,0,0,0,0
1000,84.671,2.729,0.267,3.07,0.0,0,0,0,0
1100,88.146,2.695,0.872,3.12,0.321,0,0,0,0
1200,84.402,2.706,0.643,3.126,0.053,0,0,0,0
1300,85.28,2.72,0.555,3.135,0.007,0,0,0,0
1400,84.768,2.734,0.507,3.136,0.0,0,0,0,0
1500,83.902,2.745,0.47,3.136,0.0,0,0,0,0
1600,81.817,2.753,0.43,3.136,0.0,0,0,0,0
1700,82.549,2.76,0.407,3.136,0.0,0,0,0,0
1800,83.28,2.765,0.375,3.136,0.0,0,0,0,0
1900,83.256,2.77,0.368,3.136,0.0,0,0,0,0
2000,81.732,2.775,0.35,3.136,0.0,0,0,0,0
2100,87.451,2.759,1.004,3.114,0.414,0,0,0,0
2200,84.671,2.759,0.82,3.108,0.094,0,0,0,0
2300,84.195,2.767,0.735,3.112,0.007,0,0,0,0
2400,82.707,2.774,0.665,3.111,0.0,0,0,0,0
2500,81.293,2.781,0.623,3.111,0.0,0,0,0,0
0,52.034,1.561,0.151,2.944,0.134,0,0,0,0
100,88.636,2.458,0.788,3.319,0.392,0,0,0,0
0,52.156,1.439,0.153,2.3,0.088,0,0,0,0
100,88.1,2.527,0.856,3.394,0.34,0,0,0,0
0,51.608,1.078,0.12,1.533,0.091,0,0,0,0
100,89.431,2.648,0.884,3.506,0.514,0,0,0,0
200,88.294,2.728,0.705,3.625,0.125,0,0,0,0
300,88.412,2.789,0.611,3.666,0.045,0,0,0,0
400,88.941,2.826,0.558,3.69,0.045,0,0,0,0
500,89.657,2.85,0.502,3.708,0.045,0,0,0,0
600,89.294,2.868,0.466,3.723,0.045,0,0,0,0
700,89.451,2.881,0.447,3.735,0.045,0,0,0,0
800,89.039,2.892,0.434,3.744,0.045,0,0,0,0
900,89.559,2.902,0.414,3.752,0.045,0,0,0,0
1000,89.931,2.91,0.388,3.758,0.045,0,0,0,0
1100,89.657,2.896,0.952,3.745,0.306,0,0,0,0
1200,88.353,2.896,0.793,3.75,0.117,0,0,0,0
1300,87.451,2.902,0.654,3.764,0.045,0,0,0,0
1400,88.353,2.909,0.566,3.768,0.045,0,0,0,0
1500,88.029,2.915,0.503,3.771,0.045,0,0,0,0
1600,87.294,2.92,0.477,3.774,0.045,0,0,0,0
1700,88.088,2.926,0.453,3.778,0.045,0,0,0,0
1800,87.422,2.931,0.435,3.781,0.045,0,0,0,0
1900,88.549,2.935,0.413,3.784,0.045,0,0,0,0
2000,87.51,2.939,0.404,3.786,0.045,0,0,0,0
2100,89.657,2.93,0.95,3.768,0.352,0,0,0,0
2200,87.657,2.926,0.761,3.777,0.105,0,0,0,0
2300,88.314,2.928,0.637,3.785,0.078,0,0,0,0
2400,87.941,2.929,0.57,3.792,0.078,0,0,0,0
2500,88.598,2.932,0.526,3.795,0.045,0,0,0,0
2600,87.5,2.934,0.49,3.797,0.045,0,0,0,0
2700,87.039,2.937,0.435,3.799,0.045,0,0,0,0
2800,86.441,2.94,0.415,3.801,0.045,0,0,0,0
2900,87.108,2.943,0.384,3.803,0.045,0,0,0,0
3000,87.01,2.946,0.37,3.804,0.045,0,0,0,0
3100,88.794,2.938,0.974,3.8,0.454,0,0,0,0
3200,87.235,2.935,0.774,3.794,0.13,0,0,0,0
3300,87.765,2.936,0.657,3.79,0.065,0,0,0,0
3400,87.735,2.938,0.553,3.791,0.045,0,0,0,0
3500,87.382,2.94,0.486,3.792,0.045,0,0,0,0
3600,88.363,2.942,0.433,3.794,0.045,0,0,0,0
3700,88.069,2.945,0.398,3.795,0.045,0,0,0,0
3800,88.716,2.947,0.367,3.797,0.045,0,0,0,0
3900,88.539,2.949,0.351,3.798,0.045,0,0,0,0
4000,88.784,2.952,0.32,3.799,0.045,0,0,0,0
4100,89.725,2.946,0.976,3.781,0.53,0,0,0,0
4200,88.529,2.943,0.768,3.782,0.104,0,0,0,0
4300,88.735,2.943,0.623,3.784,0.065,0,0,0,0
4400,88.549,2.944,0.515,3.785,0.045,0,0,0,0
4500,88.265,2.946,0.464,3.787,0.045,0,0,0,0
4600,88.922,2.948,0.414,3.788,0.045,0,0,0,0
4700,88.431,2.95,0.383,3.789,0.045,0,0,0,0
4800,87.804,2.952,0.343,3.79,0.045,0,0,0,0
4900,87.647,2.953,0.329,3.791,0.045,0,0,0,0
5000,89.088,2.955,0.305,3.792,0.045,0,0,0,0
5100,88.657,2.949,0.928,3.784,0.402,0,0,0,0
5200,88.52,2.946,0.69,3.761,0.099,0,0,0,0
5300,89.382,2.946,0.526,3.747,0.085,0,0,0,0
5400,88.961,2.947,0.437,3.737,0.045,0,0,0,0
5500,89.412,2.949,0.372,3.739,0.045,0,0,0,0
5600,88.608,2.95,0.34,3.74,0.045,0,0,0,0
5700,87.431,2.952,0.32,3.741,0.045,0,0,0,0
5800,87.225,2.954,0.308,3.742,0.045,0,0,0,0
5900,87.029,2.955,0.278,3.743,0.045,0,0,0,0
6000,87.275,2.957,0.262,3.743,0.045,0,0,0,0
6100,90.902,2.951,0.807,3.739,0.481,0,0,0,0
6200,89.941,2.949,0.619,3.739,0.098,0,0,0,0
6300,89.363,2.949,0.511,3.74,0.045,0,0,0,0
6400,90.098,2.95,0.435,3.741,0.045,0,0,0,0
6500,90.039,2.951,0.372,3.742,0.045,0,0,0,0
6600,90.049,2.953,0.35,3.743,0.045,0,0,0,0
6700,89.716,2.954,0.313,3.744,0.045,0,0,0,0
6800,89.059,2.956,0.287,3.744,0.045,0,0,0,0
6900,88.951,2.957,0.281,3.745,0.045,0,0,0,0
7000,88.441,2.959,0.265,3.746,0.045,0,0,0,0
7100,91.373,2.954,0.781,3.75,0.319,0,0,0,0
7200,90.706,2.951,0.618,3.754,0.151,0,0,0,0
7300,90.569,2.95,0.428,3.757,0.084,0,0,0,0
7400,90.725,2.951,0.337,3.759,0.045,0,0,0,0
7500,90.225,2.952,0.277,3.759,0.045,0,0,0,0
7600,89.843,2.953,0.258,3.76,0.045,0,0,0,0
7700,89.971,2.955,0.231,3.761,0.045,0,0,0,0
7800,89.961,2.956,0.211,3.762,0.045,0,0,0,0
7900,88.794,2.957,0.195,3.762,0.045,0,0,0,0
8000,88.48,2.958,0.19,3.763,0.045,0,0,0,0
8100,91.686,2.953,0.804,3.763,0.51,0,0,0,0
8200,92.167,2.95,0.507,3.76,0.167,0,0,0,0
8300,92.206,2.949,0.375,3.76,0.057,0,0,0,0
8400,91.422,2.95,0.299,3.761,0.045,0,0,0,0
8500,91.137,2.951,0.264,3.762,0.045,0,0,0,0
8600,90.961,2.953,0.224,3.762,0.045,0,0,0,0
8700,91.382,2.954,0.21,3.763,0.045,0,0,0,0
8800,91.196,2.955,0.2,3.763,0.045,0,0,0,0
8900,90.618,2.956,0.19,3.764,0.045,0,0,0,0
9000,90.206,2.957,0.182,3.765,0.045,0,0,0,0
9100,91.892,2.952,0.771,3.766,0.322,0,0,0,0
9200,91.971,2.948,0.456,3.767,0.15,0,0,0,0
9300,92.578,2.948,0.32,3.768,0.059,0,0,0,0
9400,91.814,2.949,0.251,3.768,0.045,0,0,0,0
9500,91.647,2.949,0.221,3.769,0.045,0,0,0,0
9600,91.471,2.95,0.191,3.769,0.045,0,0,0,0
9700,90.99,2.951,0.181,3.77,0.045,0,0,0,0
9800,91.255,2.952,0.173,3.77,0.045,0,0,0,0
9900,91.02,2.953,0.162,3.771,0.045,0,0,0,0
10000,90.912,2.954,0.157,3.771,0.045,0,0,0,0
10100,93.167,2.949,0.689,3.769,0.394,0,0,0,0
10200,92.627,2.946,0.419,3.764,0.07,0,0,0,0
10300,93.029,2.946,0.3,3.765,0.045,0,0,0,0
10400,92.49,2.946,0.215,3.766,0.045,0,0,0,0
10500,92.108,2.947,0.194,3.766,0.045,0,0,0,0
10600,91.971,2.948,0.164,3.767,0.045,0,0,0,0
10700,91.882,2.948,0.15,3.767,0.045,0,0,0,0
10800,91.49,2.949,0.142,3.768,0.045,0,0,0,0
10900,91.255,2.95,0.139,3.768,0.045,0,0,0,0
11000,91.235,2.951,0.13,3.769,0.045,0,0,0,0
11100,92.51,2.946,0.71,3.763,0.385,0,0,0,0
11200,93.324,2.943,0.357,3.759,0.183,0,0,0,0
11300,93.647,2.943,0.229,3.758,0.065,0,0,0,0
11400,93.696,2.943,0.189,3.758,0.045,0,0,0,0
11500,93.029,2.944,0.159,3.758,0.045,0,0,0,0
11600,93.275,2.944,0.145,3.759,0.045,0,0,0,0
11700,93.343,2.945,0.135,3.759,0.045,0,0,0,0
11800,92.873,2.946,0.131,3.76,0.045,0,0,0,0
11900,92.716,2.947,0.128,3.76,0.045,0,0,0,0
12000,92.922,2.948,0.125,3.761,0.045,0,0,0,0
12100,92.706,2.943,0.687,3.762,0.461,0,0,0,0
12200,93.833,2.939,0.363,3.757,0.142,0,0,0,0
12300,94.657,2.939,0.231,3.759,0.057,0,0,0,0
12400,94.471,2.939,0.158,3.76,0.045,0,0,0,0
12500,94.618,2.94,0.132,3.76,0.045,0,0,0,0
12600,94.843,2.94,0.112,3.761,0.045,0,0,0,0
12700,94.755,2.941,0.112,3.761,0.045,0,0,0,0
12800,95.088,2.942,0.109,3.762,0.045,0,0,0,0
12900,95.118,2.943,0.107,3.762,0.045,0,0,0,0
13000,94.892,2.943,0.107,3.762,0.045,0,0,0,0
13100,93.196,2.939,0.576,3.764,0.32,0,0,0,0
13200,93.794,2.937,0.346,3.766,0.077,0,0,0,0
13300,94.471,2.936,0.214,3.767,0.045,0,0,0,0
13400,94.539,2.937,0.176,3.767,0.057,0,0,0,0
13500,94.48,2.937,0.148,3.767,0.045,0,0,0,0
13600,94.627,2.938,0.141,3.767,0.045,0,0,0,0
13700,94.441,2.939,0.134,3.768,0.045,0,0,0,0
13800,94.284,2.939,0.134,3.768,0.045,0,0,0,0
13900,93.716,2.94,0.125,3.769,0.045,0,0,0,0
14000,94.069,2.941,0.119,3.769,0.045,0,0,0,0
14100,94.657,2.936,0.58,3.772,0.527,0,0,0,0
14200,94.696,2.933,0.294,3.772,0.139,0,0,0,0
14300,94.775,2.933,0.192,3.773,0.045,0,0,0,0
14400,94.765,2.933,0.147,3.773,0.045,0,0,0,0
14500,94.627,2.934,0.138,3.773,0.045,0,0,0,0
14600,94.118,2.935,0.123,3.774,0.045,0,0,0,0
14700,94.284,2.935,0.117,3.774,0.045,0,0,0,0
14800,94.559,2.936,0.117,3.775,0.045,0,0,0,0
14900,94.206,2.937,0.117,3.775,0.045,0,0,0,0
15000,94.216,2.937,0.117,3.775,0.045,0,0,0,0
15100,94.353,2.932,0.589,3.771,0.538,0,0,0,0
15200,94.441,2.93,0.296,3.769,0.202,0,0,0,0
15300,94.539,2.93,0.162,3.769,0.045,0,0,0,0
15400,94.186,2.93,0.132,3.77,0.045,0,0,0,0
15500,94.245,2.931,0.111,3.77,0.045,0,0,0,0
15600,94.314,2.931,0.111,3.77,0.045,0,0,0,0
15700,93.971,2.932,0.111,3.771,0.045,0,0,0,0
15800,93.873,2.933,0.109,3.771,0.045,0,0,0,0
15900,93.941,2.933,0.106,3.771,0.045,0,0,0,0
16000,93.804,2.934,0.106,3.772,0.045,0,0,0,0
16100,94.225,2.929,0.662,3.764,0.558,0,0,0,0
16200,95.637,2.926,0.3,3.77,0.238,0,0,0,0
16300,95.873,2.926,0.144,3.771,0.057,0,0,0,0
16400,95.941,2.926,0.116,3.771,0.045,0,0,0,0
16500,96.225,2.927,0.1,3.772,0.045,0,0,0,0
16600,96.196,2.927,0.1,3.772,0.045,0,0,0,0
16700,96.431,2.928,0.1,3.772,0.045,0,0,0,0
16800,96.284,2.929,0.097,3.773,0.045,0,0,0,0
16900,96.363,2.929,0.097,3.773,0.045,0,0,0,0
17000,96.373,2.93,0.097,3.773,0.045,0,0,0,0
17100,95.265,2.925,0.615,3.775,0.561,0,0,0,0
17200,94.559,2.922,0.295,3.77,0.117,0,0,0,0
17300,95.157,2.921,0.172,3.771,0.045,0,0,0,0
17400,95.412,2.922,0.131,3.771,0.045,0,0,0,0
17500,95.49,2.922,0.119,3.772,0.045,0,0,0,0
17600,95.147,2.923,0.111,3.772,0.045,0,0,0,0
17700,95.127,2.923,0.103,3.772,0.045,0,0,0,0
17800,94.951,2.924,0.103,3.772,0.045,0,0,0,0
17900,95.098,2.924,0.103,3.773,0.045,0,0,0,0
18000,94.971,2.925,0.103,3.773,0.045,0,0,0,0
18100,94.549,2.92,0.583,3.772,0.521,0,0,0,0
18200,95.284,2.917,0.278,3.775,0.174,0,0,0,0
18300,95.275,2.917,0.15,3.777,0.057,0,0,0,0
18400,95.108,2.917,0.124,3.778,0.045,0,0,0,0
18500,95.167,2.918,0.112,3.778,0.045,0,0,0,0
18600,94.971,2.918,0.104,3.778,0.045,0,0,0,0
18700,95.02,2.919,0.097,3.779,0.045,0,0,0,0
18800,95.098,2.919,0.097,3.779,0.045,0,0,0,0
18900,95.167,2.92,0.097,3.779,0.045,0,0,0,0
19000,95.216,2.921,0.097,3.779,0.045,0,0,0,0
19100,95.069,2.916,0.632,3.777,0.59,0,0,0,0
19200,95.588,2.913,0.266,3.775,0.108,0,0,0,0
19300,95.745,2.913,0.161,3.775,0.045,0,0,0,0
19400,95.814,2.913,0.121,3.775,0.045,0,0,0,0
19500,95.559,2.914,0.112,3.776,0.045,0,0,0,0
19600,95.98,2.914,0.1,3.776,0.045,0,0,0,0
19700,95.912,2.915,0.1,3.776,0.045,0,0,0,0
19800,95.912,2.915,0.1,3.776,0.045,0,0,0,0
19900,95.941,2.916,0.097,3.777,0.045,0,0,0,0
20000,95.833,2.916,0.097,3.777,0.045,0,0,0,0
20100,95.0,2.912,0.553,3.776,0.544,0,0,0,0
20200,95.157,2.909,0.209,3.773,0.156,0,0,0,0
20300,96.0,2.909,0.137,3.772,0.045,0,0,0,0
20400,96.108,2.91,0.118,3.773,0.045,0,0,0,0
20500,95.794,2.91,0.113,3.773,0.045,0,0,0,0
20600,96.118,2.911,0.103,3.773,0.045,0,0,0,0
20700,96.108,2.911,0.1,3.773,0.045,0,0,0,0
20800,95.873,2.912,0.1,3.774,0.045,0,0,0,0
20900,96.069,2.912,0.1,3.774,0.045,0,0,0,0
21000,96.088,2.913,0.098,3.774,0.045,0,0,0,0
21100,94.637,2.908,0.596,3.772,0.416,0,0,0,0
21200,95.765,2.906,0.237,3.77,0.09,0,0,0,0
21300,96.373,2.905,0.151,3.77,0.045,0,0,0,0
21400,96.392,2.906,0.102,3.77,0.045,0,0,0,0
21500,96.588,2.906,0.097,3.77,0.045,0,0,0,0
21600,96.48,2.907,0.095,3.771,0.045,0,0,0,0
21700,96.529,2.907,0.095,3.771,0.045,0,0,0,0
21800,96.382,2.908,0.095,3.771,0.045,0,0,0,0
21900,96.431,2.908,0.095,3.771,0.045,0,0,0,0
22000,96.627,2.909,0.095,3.772,0.045,0,0,0,0
22100,95.108,2.905,0.57,3.771,0.323,0,0,0,0
22200,95.51,2.902,0.257,3.764,0.16,0,0,0,0
22300,96.118,2.901,0.153,3.764,0.057,0,0,0,0
22400,96.363,2.902,0.123,3.764,0.045,0,0,0,0
22500,96.343,2.902,0.103,3.764,0.045,0,0,0,0
22700,96.049,2.903,0.095,3.764,0.045,0,0,0,0
22800,96.245,2.904,0.095,3.765,0.045,0,0,0,0
22900,96.098,2.904,0.095,3.765,0.045,0,0,0,0
23000,96.108,2.905,0.095,3.765,0.045,0,0,0,0
23100,94.5,2.9,0.576,3.764,0.448,0,0,0,0
23200,95.912,2.898,0.242,3.765,0.243,0,0,0,0
23300,96.412,2.897,0.135,3.766,0.079,0,0,0,0
23400,96.529,2.898,0.102,3.766,0.045,0,0,0,0
23500,96.618,2.898,0.1,3.766,0.045,0,0,0,0
23600,96.5,2.898,0.1,3.766,0.045,0,0,0,0
23700,96.51,2.899,0.095,3.767,0.045,0,0,0,0
23800,96.48,2.899,0.095,3.767,0.045,0,0,0,0
23900,96.549,2.9,0.095,3.767,0.045,0,0,0,0
24000,96.637,2.9,0.095,3.767,0.045,0,0,0,0
24100,94.882,2.896,0.613,3.766,0.463,0,0,0,0
24200,95.725,2.893,0.247,3.766,0.139,0,0,0,0
24300,96.5,2.893,0.128,3.767,0.111,0,0,0,0
24400,96.441,2.893,0.108,3.767,0.045,0,0,0,0
24500,96.725,2.894,0.1,3.767,0.045,0,0,0,0
24600,96.48,2.894,0.095,3.768,0.045,0,0,0,0
24700,96.559,2.895,0.095,3.768,0.045,0,0,0,0
24800,96.52,2.895,0.095,3.768,0.045,0,0,0,0
24900,96.608,2.895,0.095,3.768,0.045,0,0,0,0
25000,96.608,2.896,0.095,3.768,0.045,0,0,0,0
25100,94.853,2.892,0.595,3.77,0.434,0,0,0,0
25200,96.039,2.889,0.222,3.768,0.13,0,0,0,0
25300,96.137,2.889,0.152,3.768,0.045,0,0,0,0
25400,96.01,2.889,0.115,3.768,0.045,0,0,0,0
25500,96.02,2.889,0.112,3.768,0.045,0,0,0,0
25600,96.186,2.89,0.104,3.768,0.045,0,0,0,0
25700,96.245,2.89,0.102,3.769,0.045,0,0,0,0
25800,96.206,2.89,0.102,3.769,0.045,0,0,0,0
25900,96.235,2.891,0.102,3.769,0.045,0,0,0,0
26000,96.216,2.891,0.102,3.769,0.045,0,0,0,0
26100,94.863,2.887,0.546,3.771,0.577,0,0,0,0
26200,95.902,2.884,0.248,3.771,0.146,0,0,0,0
26300,96.402,2.884,0.137,3.772,0.072,0,0,0,0
26400,96.569,2.884,0.103,3.77,0.059,0,0,0,0
26500,96.765,2.885,0.098,3.77,0.059,0,0,0,0
26600,96.637,2.885,0.097,3.771,0.045,0,0,0,0
26700,96.657,2.885,0.097,3.771,0.045,0,0,0,0
26800,96.676,2.886,0.097,3.771,0.045,0,0,0,0
26900,96.696,2.886,0.097,3.771,0.045,0,0,0,0
27000,96.647,2.887,0.097,3.771,0.045,0,0,0,0
27100,94.745,2.882,0.596,3.771,0.476,0,0,0,0
27200,95.676,2.88,0.245,3.77,0.085,0,0,0,0
27300,95.922,2.88,0.158,3.771,0.057,0,0,0,0
27400,96.392,2.88,0.108,3.771,0.045,0,0,0,0
27500,96.284,2.88,0.108,3.771,0.045,0,0,0,0
27600,96.422,2.881,0.101,3.772,0.045,0,0,0,0
27700,96.431,2.881,0.101,3.772,0.045,0,0,0,0
27800,96.608,2.882,0.101,3.772,0.045,0,0,0,0
27900,96.471,2.882,0.098,3.772,0.045,0,0,0,0
28000,96.382,2.882,0.098,3.772,0.045,0,0,0,0
28100,95.029,2.879,0.61,3.774,0.489,0,0,0,0
28200,95.971,2.876,0.239,3.773,0.104,0,0,0,0
28300,96.108,2.876,0.12,3.773,0.078,0,0,0,0
28400,96.5,2.876,0.103,3.773,0.045,0,0,0,0
28500,96.5,2.877,0.1,3.773,0.045,0,0,0,0
28600,96.52,2.877,0.097,3.773,0.045,0,0,0,0
28700,96.539,2.877,0.097,3.774,0.045,0,0,0,0
28800,96.647,2.878,0.097,3.774,0.045,0,0,0,0
28900,96.637,2.878,0.097,3.774,0.045,0,0,0,0
29000,96.441,2.879,0.097,3.774,0.045,0,0,0,0
29100,95.294,2.875,0.548,3.772,0.317,0,0,0,0
29200,95.49,2.873,0.282,3.773,0.124,0,0,0,0
29300,95.833,2.872,0.143,3.773,0.078,0,0,0,0
29400,96.225,2.873,0.105,3.773,0.045,0,0,0,0
29500,96.265,2.873,0.097,3.773,0.045,0,0,0,0
29600,96.294,2.873,0.097,3.774,0.045,0,0,0,0
29700,96.275,2.874,0.097,3.774,0.045,0,0,0,0
29800,96.255,2.874,0.097,3.774,0.045,0,0,0,0
29900,96.441,2.875,0.097,3.774,0.045,0,0,0,0
30000,96.225,2.875,0.097,3.774,0.045,0,0,0,0
30100,95.049,2.871,0.532,3.774,0.47,0,0,0,0
30200,95.912,2.869,0.242,3.775,0.133,0,0,0,0
30300,96.137,2.869,0.139,3.775,0.045,0,0,0,0
30400,96.49,2.869,0.11,3.775,0.065,0,0,0,0
30500,96.627,2.869,0.097,3.776,0.045,0,0,0,0
30600,96.598,2.869,0.095,3.776,0.045,0,0,0,0
30700,96.735,2.87,0.095,3.776,0.045,0,0,0,0
30800,96.725,2.87,0.095,3.776,0.045,0,0,0,0
30900,96.667,2.87,0.095,3.776,0.045,0,0,0,0
31000,96.725,2.871,0.095,3.776,0.045,0,0,0,0
31100,94.588,2.867,0.545,3.777,0.502,0,0,0,0
31200,95.294,2.865,0.232,3.775,0.045,0,0,0,0
31300,96.137,2.865,0.121,3.776,0.045,0,0,0,0
31400,96.206,2.865,0.11,3.776,0.045,0,0,0,0
31500,96.382,2.866,0.101,3.776,0.045,0,0,0,0
31600,96.206,2.866,0.098,3.776,0.045,0,0,0,0
31700,96.373,2.866,0.098,3.776,0.045,0,0,0,0
31800,96.382,2.867,0.095,3.776,0.045,0,0,0,0
31900,96.402,2.867,0.095,3.777,0.045,0,0,0,0
32000,96.324,2.867,0.095,3.777,0.045,0,0,0,0
32100,94.99,2.864,0.57,3.778,0.375,0,0,0,0
32200,95.176,2.862,0.231,3.777,0.123,0,0,0,0
32300,95.735,2.862,0.134,3.777,0.065,0,0,0,0
32400,95.912,2.862,0.103,3.777,0.065,0,0,0,0
32500,95.99,2.862,0.095,3.778,0.045,0,0,0,0
32600,95.941,2.863,0.095,3.778,0.045,0,0,0,0
32700,95.951,2.863,0.095,3.778,0.045,0,0,0,0
32800,95.971,2.863,0.095,3.778,0.045,0,0,0,0
32900,95.931,2.864,0.095,3.778,0.045,0,0,0,0
33000,95.922,2.864,0.095,3.778,0.045,0,0,0,0
33100,95.245,2.861,0.514,3.776,0.432,0,0,0,0
33200,95.686,2.859,0.226,3.776,0.057,0,0,0,0
33300,96.206,2.859,0.124,3.776,0.045,0,0,0,0
33400,96.216,2.859,0.106,3.777,0.045,0,0,0,0
33500,96.245,2.86,0.095,3.777,0.045,0,0,0,0
33600,96.216,2.86,0.095,3.777,0.045,0,0,0,0
33700,96.176,2.86,0.095,3.777,0.045,0,0,0,0
33800,96.078,2.861,0.095,3.777,0.045,0,0,0,0
33900,96.127,2.861,0.095,3.777,0.045,0,0,0,0
34000,96.147,2.861,0.095,3.777,0.045,0,0,0,0
34100,94.902,2.858,0.567,3.777,0.482,0,0,0,0
34200,95.735,2.856,0.267,3.777,0.193,0,0,0,0
34300,96.441,2.855,0.145,3.777,0.045,0,0,0,0
34400,96.382,2.856,0.101,3.777,0.045,0,0,0,0
34500,96.402,2.856,0.097,3.778,0.045,0,0,0,0
34600,96.461,2.856,0.095,3.778,0.045,0,0,0,0
34700,96.49,2.856,0.095,3.778,0.045,0,0,0,0
34800,96.441,2.857,0.095,3.778,0.045,0,0,0,0
34900,96.402,2.857,0.095,3.778,0.045,0,0,0,0
35000,96.451,2.858,0.095,3.778,0.045,0,0,0,0
35100,95.059,2.854,0.535,3.775,0.451,0,0,0,0
35200,96.392,2.852,0.219,3.773,0.213,0,0,0,0
35300,96.275,2.852,0.115,3.774,0.059,0,0,0,0
35400,96.441,2.852,0.106,3.774,0.045,0,0,0,0
35500,96.539,2.853,0.1,3.775,0.045,0,0,0,0
35600,96.51,2.853,0.095,3.775,0.045,0,0,0,0
35700,96.51,2.853,0.095,3.775,0.045,0,0,0,0
35800,96.373,2.854,0.095,3.775,0.045,0,0,0,0
35900,96.48,2.854,0.095,3.775,0.045,0,0,0,0
36000,96.52,2.854,0.095,3.775,0.045,0,0,0,0
36100,95.029,2.851,0.552,3.776,0.493,0,0,0,0
36200,95.755,2.849,0.23,3.777,0.115,0,0,0,0
36300,96.598,2.849,0.111,3.777,0.065,0,0,0,0
36400,96.647,2.85,0.097,3.777,0.045,0,0,0,0
36500,96.716,2.85,0.095,3.777,0.045,0,0,0,0
36600,96.706,2.85,0.095,3.777,0.045,0,0,0,0
36700,96.755,2.851,0.095,3.777,0.045,0,0,0,0
36800,96.775,2.851,0.095,3.778,0.045,0,0,0,0
36900,96.647,2.851,0.095,3.778,0.045,0,0,0,0
37000,96.824,2.852,0.095,3.778,0.045,0,0,0,0
37100,94.902,2.848,0.613,3.777,0.424,0,0,0,0
37200,95.735,2.846,0.262,3.775,0.118,0,0,0,0
37300,96.549,2.846,0.12,3.775,0.057,0,0,0,0
37400,96.755,2.846,0.102,3.775,0.045,0,0,0,0
37500,96.794,2.846,0.097,3.775,0.045,0,0,0,0
37600,96.647,2.847,0.095,3.775,0.045,0,0,0,0
37700,96.686,2.847,0.095,3.775,0.045,0,0,0,0
37800,96.794,2.847,0.095,3.775,0.045,0,0,0,0
37900,96.794,2.848,0.095,3.776,0.045,0,0,0,0
38000,96.775,2.848,0.095,3.776,0.045,0,0,0,0
38100,94.892,2.845,0.532,3.776,0.361,0,0,0,0
38200,95.686,2.843,0.235,3.775,0.119,0,0,0,0
38300,96.078,2.843,0.144,3.775,0.07,0,0,0,0
38400,96.559,2.843,0.11,3.775,0.045,0,0,0,0
38500,96.431,2.843,0.103,3.776,0.045,0,0,0,0
38600,96.373,2.844,0.095,3.776,0.045,0,0,0,0
38700,96.382,2.844,0.095,3.776,0.045,0,0,0,0
38800,96.324,2.844,0.095,3.776,0.045,0,0,0,0
38900,96.255,2.845,0.095,3.776,0.045,0,0,0,0
39000,96.412,2.845,0.095,3.776,0.045,0,0,0,0
39100,94.824,2.842,0.565,3.773,0.53,0,0,0,0
39200,95.588,2.84,0.228,3.773,0.168,0,0,0,0
39300,96.51,2.84,0.122,3.774,0.057,0,0,0,0
39400,96.471,2.84,0.098,3.774,0.057,0,0,0,0
39500,96.49,2.841,0.095,3.774,0.045,0,0,0,0
39600,96.5,2.841,0.095,3.774,0.045,0,0,0,0
39700,96.588,2.841,0.095,3.774,0.045,0,0,0,0
39800,96.461,2.841,0.095,3.774,0.045,0,0,0,0
39900,96.529,2.842,0.095,3.774,0.045,0,0,0,0
40000,96.569,2.842,0.095,3.775,0.045,0,0,0,0
40100,94.961,2.839,0.563,3.776,0.551,0,0,0,0
40200,96.176,2.837,0.188,3.776,0.077,0,0,0,0
40300,96.373,2.838,0.114,3.776,0.045,0,0,0,0
40400,96.392,2.838,0.103,3.776,0.045,0,0,0,0
40500,96.588,2.838,0.095,3.776,0.045,0,0,0,0
40600,96.618,2.838,0.095,3.776,0.045,0,0,0,0
40700,96.471,2.839,0.095,3.776,0.045,0,0,0,0
40800,96.402,2.839,0.095,3.777,0.045,0,0,0,0
40900,96.49,2.839,0.095,3.777,0.045,0,0,0,0
41000,96.637,2.84,0.095,3.777,0.045,0,0,0,0
41100,94.137,2.836,0.577,3.776,0.426,0,0,0,0
41200,95.951,2.835,0.2,3.775,0.13,0,0,0,0
41300,96.578,2.835,0.123,3.776,0.085,0,0,0,0
41400,96.696,2.835,0.097,3.776,0.045,0,0,0,0
41500,96.716,2.835,0.095,3.776,0.045,0,0,0,0
41600,96.627,2.835,0.095,3.776,0.045,0,0,0,0
41700,96.667,2.836,0.095,3.777,0.045,0,0,0,0
41800,96.696,2.836,0.095,3.777,0.045,0,0,0,0
41900,96.765,2.836,0.095,3.777,0.045,0,0,0,0
42000,96.745,2.837,0.095,3.777,0.045,0,0,0,0
42100,94.608,2.834,0.561,3.776,0.446,0,0,0,0
42200,95.431,2.832,0.215,3.776,0.084,0,0,0,0
42300,96.647,2.832,0.127,3.776,0.065,0,0,0,0
42400,96.882,2.832,0.102,3.776,0.045,0,0,0,0
42500,96.99,2.833,0.099,3.776,0.045,0,0,0,0
42600,97.108,2.833,0.095,3.776,0.045,0,0,0,0
42700,97.118,2.833,0.095,3.776,0.045,0,0,0,0
42800,97.039,2.833,0.095,3.776,0.045,0,0,0,0
42900,97.0,2.834,0.095,3.777,0.045,0,0,0,0
43000,97.0,2.834,0.095,3.777,0.045,0,0,0,0
43100,94.775,2.831,0.58,3.776,0.461,0,0,0,0
43200,94.824,2.829,0.264,3.775,0.133,0,0,0,0
43300,96.088,2.829,0.16,3.775,0.045,0,0,0,0
43400,96.392,2.829,0.111,3.776,0.045,0,0,0,0
43500,96.294,2.83,0.095,3.776,0.045,0,0,0,0
43600,96.422,2.83,0.095,3.776,0.045,0,0,0,0
43700,96.392,2.83,0.095,3.776,0.045,0,0,0,0
43800,96.441,2.83,0.095,3.776,0.045,0,0,0,0
43900,96.412,2.831,0.095,3.776,0.045,0,0,0,0
44000,96.382,2.831,0.095,3.776,0.045,0,0,0,0
44100,94.608,2.828,0.633,3.774,0.487,0,0,0,0
44200,96.029,2.826,0.25,3.775,0.15,0,0,0,0
44300,96.52,2.826,0.123,3.775,0.072,0,0,0,0
44400,96.725,2.826,0.102,3.775,0.045,0,0,0,0
44500,96.794,2.826,0.095,3.775,0.045,0,0,0,0
44600,96.814,2.827,0.095,3.775,0.045,0,0,0,0
44700,96.696,2.827,0.095,3.776,0.045,0,0,0,0
44800,96.804,2.827,0.095,3.776,0.045,0,0,0,0
44900,96.765,2.828,0.095,3.776,0.045,0,0,0,0
45000,96.784,2.828,0.095,3.776,0.045,0,0,0,0
45100,94.784,2.825,0.561,3.775,0.456,0,0,0,0
45200,95.892,2.824,0.231,3.773,0.123,0,0,0,0
45300,95.971,2.823,0.143,3.773,0.078,0,0,0,0
45400,95.99,2.824,0.099,3.773,0.045,0,0,0,0
45500,96.255,2.824,0.095,3.773,0.045,0,0,0,0
45600,96.363,2.824,0.095,3.774,0.045,0,0,0,0
45700,96.235,2.824,0.095,3.774,0.045,0,0,0,0
45800,96.225,2.825,0.095,3.774,0.045,0,0,0,0
45900,96.196,2.825,0.095,3.774,0.045,0,0,0,0
46000,96.235,2.825,0.095,3.774,0.045,0,0,0,0
46100,94.912,2.823,0.555,3.774,0.429,0,0,0,0
46200,95.98,2.821,0.235,3.772,0.17,0,0,0,0
46300,96.029,2.821,0.126,3.773,0.045,0,0,0,0
46400,96.294,2.821,0.102,3.773,0.045,0,0,0,0
46500,96.529,2.821,0.095,3.773,0.045,0,0,0,0
46600,96.647,2.822,0.095,3.773,0.045,0,0,0,0
46700,96.578,2.822,0.095,3.773,0.045,0,0,0,0
46800,96.402,2.822,0.095,3.774,0.045,0,0,0,0
46900,96.608,2.823,0.095,3.774,0.045,0,0,0,0
47000,96.549,2.823,0.095,3.774,0.045,0,0,0,0
47100,94.676,2.82,0.522,3.774,0.498,0,0,0,0
47200,95.686,2.819,0.232,3.774,0.111,0,0,0,0
47300,95.745,2.819,0.131,3.774,0.045,0,0,0,0
47400,95.863,2.819,0.107,3.774,0.045,0,0,0,0
47500,96.108,2.819,0.098,3.774,0.045,0,0,0,0
47600,95.98,2.819,0.095,3.774,0.045,0,0,0,0
47700,96.127,2.82,0.095,3.774,0.045,0,0,0,0
47800,96.225,2.82,0.095,3.774,0.045,0,0,0,0
47900,96.108,2.82,0.095,3.774,0.045,0,0,0,0
48000,96.147,2.82,0.095,3.775,0.045,0,0,0,0
48100,94.01,2.818,0.577,3.774,0.514,0,0,0,0
48200,95.48,2.816,0.242,3.774,0.11,0,0,0,0
48300,95.618,2.816,0.123,3.773,0.045,0,0,0,0
48400,95.971,2.816,0.095,3.773,0.045,0,0,0,0
48500,96.049,2.817,0.095,3.774,0.045,0,0,0,0
48600,96.098,2.817,0.095,3.774,0.045,0,0,0,0
48700,95.961,2.817,0.095,3.774,0.045,0,0,0,0
48800,96.059,2.818,0.095,3.774,0.045,0,0,0,0
48900,96.0,2.818,0.095,3.774,0.045,0,0,0,0
49000,95.99,2.818,0.095,3.774,0.045,0,0,0,0
49100,94.657,2.815,0.559,3.774,0.522,0,0,0,0
49200,95.882,2.814,0.197,3.773,0.09,0,0,0,0
49300,96.775,2.814,0.117,3.774,0.045,0,0,0,0
49400,96.931,2.814,0.099,3.774,0.045,0,0,0,0
0,51.772,1.138,0.141,2.0,0.216,0,0,0,0
100,88.348,2.538,0.838,3.17,0.397,0,0,0,0
0,51.945,1.24,0.146,1.444,0.139,0,0,0,0
0,52.265,1.355,0.153,1.431,0.11,0,0,0,0
100,88.904,2.37,0.791,3.281,0.324,0,0,0,0
200,85.651,2.51,0.59,3.325,0.097,0,0,0,0
300,85.795,2.578,0.44,3.349,0.022,0,0,0,0
400,85.711,2.627,0.399,3.349,0.0,0,0,0,0
500,85.048,2.663,0.377,3.349,0.0,0,0,0,0
600,84.145,2.69,0.352,3.349,0.0,0,0,0,0
700,86.0,2.709,0.327,3.349,0.0,0,0,0,0
800,86.012,2.725,0.313,3.349,0.0,0,0,0,0
900,85.373,2.737,0.306,3.349,0.0,0,0,0,0
1000,85.036,2.748,0.299,3.349,0.0,0,0,0,0
1100,86.012,2.748,0.387,3.363,0.041,0,0,0,0
1200,85.133,2.753,0.334,3.363,0.0,0,0,0,0
1300,84.711,2.761,0.292,3.363,0.0,0,0,0,0
1400,85.265,2.767,0.285,3.363,0.0,0,0,0,0
1500,85.386,2.772,0.275,3.363,0.0,0,0,0,0
1600,85.506,2.776,0.269,3.363,0.0,0,0,0,0
1700,85.181,2.779,0.262,3.363,0.0,0,0,0,0
1800,86.145,2.783,0.249,3.363,0.0,0,0,0,0
1900,85.06,2.785,0.236,3.363,0.0,0,0,0,0
2000,86.12,2.786,0.222,3.363,0.0,0,0,0,0
2100,86.639,2.787,0.292,3.316,0.026,0,0,0,0
2200,86.253,2.789,0.271,3.305,0.0,0,0,0,0
2300,85.675,2.792,0.258,3.305,0.0,0,0,0,0
2400,85.88,2.794,0.246,3.305,0.0,0,0,0,0
2500,84.108,2.796,0.236,3.305,0.0,0,0,0,0
2600,83.566,2.798,0.233,3.305,0.0,0,0,0,0
2700,83.205,2.8,0.233,3.305,0.0,0,0,0,0
2800,83.916,2.801,0.222,3.305,0.0,0,0,0,0
2900,84.723,2.803,0.222,3.305,0.0,0,0,0,0
3000,84.277,2.804,0.21,3.305,0.0,0,0,0,0
3100,85.747,2.803,0.288,3.276,0.034,0,0,0,0
3200,85.627,2.803,0.243,3.276,0.007,0,0,0,0
3300,84.843,2.803,0.215,3.276,0.0,0,0,0,0
3400,85.699,2.804,0.196,3.276,0.0,0,0,0,0
3500,85.735,2.805,0.171,3.276,0.0,0,0,0,0
3600,87.084,2.805,0.171,3.276,0.0,0,0,0,0
3700,86.06,2.805,0.155,3.276,0.0,0,0,0,0
3800,86.578,2.805,0.143,3.276,0.0,0,0,0,0
3900,85.843,2.805,0.14,3.276,0.0,0,0,0,0
4000,85.699,2.806,0.137,3.276,0.0,0,0,0,0
4100,87.096,2.802,0.201,3.305,0.051,0,0,0,0
4200,86.518,2.801,0.149,3.286,0.015,0,0,0,0
4300,86.398,2.801,0.14,3.262,0.015,0,0,0,0
4400,85.325,2.802,0.118,3.242,0.0,0,0,0,0
4500,85.0,2.803,0.111,3.242,0.0,0,0,0,0
4600,84.663,2.803,0.108,3.242,0.0,0,0,0,0
4700,84.229,2.803,0.102,3.242,0.0,0,0,0,0
4800,84.145,2.803,0.099,3.242,0.0,0,0,0,0
4900,84.108,2.803,0.09,3.242,0.0,0,0,0,0
5000,83.59,2.803,0.073,3.242,0.0,0,0,0,0
5100,85.627,2.801,0.15,3.227,0.022,0,0,0,0
5200,84.12,2.801,0.124,3.232,0.007,0,0,0,0
5300,83.578,2.802,0.11,3.236,0.007,0,0,0,0
5400,83.602,2.802,0.109,3.236,0.0,0,0,0,0
5500,83.084,2.803,0.105,3.236,0.0,0,0,0,0
5600,83.145,2.804,0.102,3.236,0.0,0,0,0,0
5700,83.0,2.804,0.096,3.236,0.0,0,0,0,0
5800,82.651,2.805,0.093,3.236,0.0,0,0,0,0
5900,82.904,2.805,0.093,3.236,0.0,0,0,0,0
6000,82.036,2.806,0.093,3.236,0.0,0,0,0,0
6100,84.759,2.806,0.121,3.242,0.019,0,0,0,0
6200,83.313,2.807,0.115,3.246,0.007,0,0,0,0
6300,82.976,2.807,0.106,3.246,0.0,0,0,0,0
6400,82.651,2.808,0.096,3.246,0.0,0,0,0,0
6500,82.361,2.808,0.093,3.246,0.0,0,0,0,0
6600,82.614,2.808,0.076,3.246,0.0,0,0,0,0
6700,81.867,2.808,0.076,3.246,0.0,0,0,0,0
6800,80.892,2.809,0.071,3.246,0.0,0,0,0,0
6900,80.169,2.809,0.068,3.246,0.0,0,0,0,0
7000,80.892,2.809,0.064,3.246,0.0,0,0,0,0
7100,82.988,2.808,0.11,3.247,0.068,0,0,0,0
7200,83.614,2.807,0.093,3.225,0.015,0,0,0,0
7300,82.892,2.807,0.083,3.227,0.0,0,0,0,0
7400,82.855,2.807,0.083,3.227,0.0,0,0,0,0
7500,82.06,2.807,0.083,3.227,0.0,0,0,0,0
7600,81.373,2.807,0.083,3.227,0.0,0,0,0,0
7700,80.494,2.807,0.076,3.227,0.0,0,0,0,0
7800,80.47,2.807,0.069,3.227,0.0,0,0,0,0
7900,80.554,2.807,0.062,3.227,0.0,0,0,0,0
8000,80.506,2.807,0.059,3.227,0.0,0,0,0,0
8100,82.88,2.806,0.11,3.215,0.049,0,0,0,0
8200,82.699,2.805,0.082,3.226,0.019,0,0,0,0
8300,82.108,2.805,0.074,3.226,0.0,0,0,0,0
8400,81.53,2.805,0.063,3.226,0.0,0,0,0,0
8500,81.145,2.805,0.052,3.226,0.0,0,0,0,0
8600,80.843,2.805,0.047,3.226,0.0,0,0,0,0
8700,80.663,2.805,0.047,3.226,0.0,0,0,0,0
8800,80.542,2.805,0.044,3.226,0.0,0,0,0,0
8900,81.036,2.805,0.044,3.226,0.0,0,0,0,0
9000,80.602,2.805,0.044,3.226,0.0,0,0,0,0
9100,82.012,2.804,0.083,3.224,0.037,0,0,0,0
9200,82.554,2.803,0.081,3.23,0.0,0,0,0,0
9300,81.614,2.803,0.073,3.243,0.012,0,0,0,0
9400,81.819,2.803,0.071,3.246,0.0,0,0,0,0
9500,82.048,2.803,0.061,3.246,0.0,0,0,0,0
9600,82.12,2.803,0.057,3.246,0.0,0,0,0,0
9700,81.482,2.803,0.057,3.246,0.0,0,0,0,0
9800,81.133,2.804,0.054,3.246,0.0,0,0,0,0
9900,82.325,2.804,0.054,3.246,0.0,0,0,0,0
10000,82.398,2.804,0.049,3.246,0.0,0,0,0,0
10100,83.241,2.802,0.107,3.241,0.037,0,0,0,0
10200,82.928,2.802,0.096,3.246,0.007,0,0,0,0
10300,82.675,2.803,0.096,3.248,0.007,0,0,0,0
10400,82.289,2.804,0.087,3.249,0.0,0,0,0,0
10500,81.892,2.805,0.072,3.249,0.0,0,0,0,0
10600,81.193,2.806,0.069,3.249,0.0,0,0,0,0
10700,80.687,2.807,0.058,3.249,0.0,0,0,0,0
10800,81.0,2.807,0.055,3.249,0.0,0,0,0,0
10900,81.024,2.807,0.051,3.249,0.0,0,0,0,0
11000,80.988,2.807,0.051,3.249,0.0,0,0,0,0
11100,83.422,2.806,0.119,3.267,0.056,0,0,0,0
11200,82.819,2.805,0.109,3.279,0.019,0,0,0,0
11300,82.639,2.805,0.092,3.285,0.007,0,0,0,0
11400,82.602,2.805,0.088,3.286,0.0,0,0,0,0
11500,82.386,2.806,0.076,3.286,0.0,0,0,0,0
11600,81.988,2.806,0.07,3.286,0.0,0,0,0,0
11700,81.349,2.806,0.062,3.286,0.0,0,0,0,0
11800,81.084,2.807,0.059,3.286,0.0,0,0,0,0
11900,81.181,2.807,0.045,3.286,0.0,0,0,0,0
12000,81.398,2.807,0.045,3.286,0.0,0,0,0,0
12100,82.349,2.807,0.08,3.285,0.022,0,0,0,0
12200,82.373,2.806,0.072,3.285,0.007,0,0,0,0
12300,81.494,2.807,0.062,3.283,0.0,0,0,0,0
12400,80.675,2.807,0.062,3.283,0.0,0,0,0,0
12500,80.084,2.807,0.062,3.283,0.0,0,0,0,0
12600,80.771,2.808,0.042,3.283,0.0,0,0,0,0
12700,80.735,2.808,0.039,3.283,0.0,0,0,0,0
12800,80.313,2.808,0.039,3.283,0.0,0,0,0,0
12900,79.88,2.808,0.033,3.283,0.0,0,0,0,0
13000,80.06,2.808,0.033,3.283,0.0,0,0,0,0
13100,79.88,2.808,0.048,3.278,0.022,0,0,0,0
13200,80.301,2.808,0.053,3.257,0.019,0,0,0,0
13300,80.843,2.808,0.053,3.25,0.0,0,0,0,0
0,52.312,1.401,0.032,1.714,0.029,0,0,0,0
100,85.419,2.607,0.6,3.313,0.289,0,0,0,0
200,83.387,2.668,0.459,3.253,0.068,0,0,0,0
300,81.817,2.708,0.349,3.246,0.0,0,0,0,0
400,81.968,2.735,0.289,3.246,0.0,0,0,0,0
500,82.054,2.753,0.262,3.246,0.0,0,0,0,0
600,82.473,2.768,0.237,3.246,0.0,0,0,0,0
700,80.516,2.78,0.222,3.246,0.0,0,0,0,0
800,80.892,2.79,0.209,3.246,0.0,0,0,0,0
900,79.978,2.797,0.198,3.246,0.0,0,0,0,0
1000,78.194,2.803,0.191,3.246,0.0,0,0,0,0
1100,82.925,2.795,0.675,3.298,0.252,0,0,0,0
1200,79.699,2.798,0.563,3.318,0.04,0,0,0,0
1300,79.828,2.806,0.482,3.261,0.0,0,0,0,0
1400,80.462,2.813,0.43,3.261,0.0,0,0,0,0
1500,77.774,2.819,0.398,3.261,0.0,0,0,0,0
1600,78.204,2.824,0.376,3.261,0.0,0,0,0,0
1700,77.527,2.828,0.352,3.261,0.0,0,0,0,0
0,52.206,1.797,0.145,1.701,0.107,0,0,0,0
100,91.074,2.336,0.781,3.259,0.407,0,0,0,0
200,91.559,2.519,0.535,3.4,0.155,0,0,0,0
300,92.191,2.635,0.446,3.456,0.054,0,0,0,0
400,91.632,2.71,0.403,3.49,0.044,0,0,0,0
500,91.529,2.762,0.38,3.516,0.044,0,0,0,0
600,92.441,2.8,0.351,3.535,0.044,0,0,0,0
700,90.985,2.828,0.335,3.551,0.044,0,0,0,0
800,92.132,2.852,0.32,3.564,0.044,0,0,0,0
900,91.838,2.872,0.317,3.576,0.044,0,0,0,0
1000,91.853,2.889,0.314,3.585,0.044,0,0,0,0
0,0,0,0,0.68,0.064,0,0,0,0
100,0,0,0,1.163,0.277,0,0,0,0
200,0,0,0,1.166,0.051,0,0,0,0
300,0,0,0,1.165,0.012,0,0,0,0
400,0,0,0,1.165,0.002,0,0,0,0
500,0,0,0,1.165,0.002,0,0,0,0
600,0,0,0,1.165,0.0,0,0,0,0
700,0,0,0,1.165,0.0,0,0,0,0
800,0,0,0,1.165,0.0,0,0,0,0
900,0,0,0,1.165,0.0,0,0,0,0
1000,0,0,0,1.165,0.0,0,0,0,0
1100,0,0,0,1.165,0.282,0,0,0,0
1200,0,0,0,1.162,0.066,0,0,0,0
1300,0,0,0,1.161,0.011,0,0,0,0
1400,0,0,0,1.161,0.006,0,0,0,0
1500,0,0,0,1.161,0.001,0,0,0,0
1600,0,0,0,1.161,0.001,0,0,0,0
1700,0,0,0,1.161,0.0,0,0,0,0
1800,0,0,0,1.161,0.0,0,0,0,0
1900,0,0,0,1.161,0.0,0,0,0,0
2000,0,0,0,1.161,0.0,0,0,0,0
2100,0,0,0,1.161,0.262,0,0,0,0
2200,0,0,0,1.161,0.049,0,0,0,0
2300,0,0,0,1.161,0.005,0,0,0,0
2400,0,0,0,1.161,0.002,0,0,0,0
2500,0,0,0,1.161,0.0,0,0,0,0
2600,0,0,0,1.161,0.0,0,0,0,0
2700,0,0,0,1.161,0.0,0,0,0,0
2800,0,0,0,1.161,0.0,0,0,0,0
2900,0,0,0,1.161,0.0,0,0,0,0
3000,0,0,0,1.161,0.0,0,0,0,0
3100,0,0,0,1.161,0.264,0,0,0,0
3200,0,0,0,1.162,0.056,0,0,0,0
3300,0,0,0,1.163,0.009,0,0,0,0
3400,0,0,0,1.163,0.001,0,0,0,0
3500,0,0,0,1.163,0.0,0,0,0,0
3600,0,0,0,1.163,0.0,0,0,0,0
3700,0,0,0,1.163,0.0,0,0,0,0
3800,0,0,0,1.163,0.0,0,0,0,0
3900,0,0,0,1.163,0.0,0,0,0,0
4000,0,0,0,1.163,0.0,0,0,0,0
4100,0,0,0,1.163,0.27,0,0,0,0
4200,0,0,0,1.163,0.056,0,0,0,0
4300,0,0,0,1.163,0.013,0,0,0,0
4400,0,0,0,1.163,0.0,0,0,0,0
4500,0,0,0,1.163,0.0,0,0,0,0
4600,0,0,0,1.163,0.0,0,0,0,0
4700,0,0,0,1.163,0.0,0,0,0,0
4800,0,0,0,1.163,0.0,0,0,0,0
4900,0,0,0,1.163,0.0,0,0,0,0
5000,0,0,0,1.163,0.0,0,0,0,0
5100,0,0,0,1.164,0.271,0,0,0,0
5200,0,0,0,1.164,0.053,0,0,0,0
5300,0,0,0,1.164,0.012,0,0,0,0
5400,0,0,0,1.164,0.003,0,0,0,0
5500,0,0,0,1.164,0.0,0,0,0,0
5600,0,0,0,1.164,0.0,0,0,0,0
5700,0,0,0,1.164,0.0,0,0,0,0
5800,0,0,0,1.164,0.0,0,0,0,0
5900,0,0,0,1.164,0.0,0,0,0,0
6000,0,0,0,1.164,0.0,0,0,0,0
6100,0,0,0,1.163,0.259,0,0,0,0
6200,0,0,0,1.163,0.065,0,0,0,0
6300,0,0,0,1.163,0.007,0,0,0,0
6400,0,0,0,1.163,0.0,0,0,0,0
0,0,0,0,0,0,0,0,0,0
100,0,0,0,0,0,0,0,0,0
200,0,0,0,0,0,0,0,0,0
300,0,0,0,0,0,0,0,0,0
400,0,0,0,0,0,0,0,0,0
500,0,0,0,0,0,0,0,0,0
600,0,0,0,0,0,0,0,0,0
700,0,0,0,0,0,0,0,0,0
800,0,0,0,0,0,0,0,0,0
900,0,0,0,0,0,0,0,0,0
0,52.17,1.475,0.068,0,0,0,0,0,0
100,86.18,2.682,0.601,0,0,0,0,0,0
200,84.85,2.727,0.464,0,0,0,0,0,0
300,85.31,2.758,0.374,0,0,0,0,0,0
400,84.74,2.78,0.304,0,0,0,0,0,0
500,83.47,2.795,0.272,0,0,0,0,0,0
600,84.2,2.806,0.245,0,0,0,0,0,0
700,84.0,2.815,0.225,0,0,0,0,0,0
800,83.6,2.821,0.214,0,0,0,0,0,0
900,82.07,2.827,0.209,0,0,0,0,0,0
1000,82.42,2.831,0.201,0,0,0,0,0,0
1100,84.06,2.828,0.649,0,0,0,0,0,0
1200,82.38,2.83,0.557,0,0,0,0,0,0
1300,81.95,2.835,0.486,0,0,0,0,0,0
1400,81.77,2.84,0.422,0,0,0,0,0,0
1500,79.86,2.844,0.387,0,0,0,0,0,0
1600,80.73,2.848,0.361,0,0,0,0,0,0
1700,79.55,2.851,0.345,0,0,0,0,0,0
1800,79.54,2.853,0.33,0,0,0,0,0,0
1900,78.41,2.856,0.317,0,0,0,0,0,0
2000,78.96,2.858,0.299,0,0,0,0,0,0
2100,81.2,2.857,0.745,0,0,0,0,0,0
0,52.23,1.486,0.063,2.81,0.086,10.0,0.02,0,0
100,88.989,2.641,0.594,3.78,0.273,50.0,0.68,0,0
200,87.736,2.735,0.473,3.766,0.055,50.0,0.534,0,0
300,88.793,2.792,0.411,3.774,0.018,50.0,0.632,0,0
400,89.632,2.831,0.377,3.784,0.007,50.0,0.682,0,0
500,88.195,2.858,0.348,3.792,0.007,50.0,0.569,0,0
600,88.575,2.877,0.334,3.8,0.007,50.0,0.609,0,0
700,89.069,2.892,0.31,3.806,0.007,50.0,0.619,0,0
800,90.31,2.903,0.295,3.811,0.007,50.0,0.661,0,0
900,90.379,2.913,0.279,3.817,0.007,50.0,0.619,0,0
1000,89.931,2.92,0.272,3.822,0.007,50.0,0.616,0,0
1100,89.425,2.903,0.673,3.788,0.292,50.0,0.675,0,0
1200,87.759,2.899,0.559,3.821,0.084,50.0,0.681,0,0
1300,86.977,2.904,0.492,3.838,0.027,50.0,0.623,0,0
1400,88.92,2.909,0.443,3.843,0.007,50.0,0.639,0,0
1500,87.172,2.913,0.418,3.846,0.007,50.0,0.599,0,0
1600,87.908,2.916,0.397,3.849,0.007,50.0,0.551,0,0
1700,87.092,2.919,0.382,3.852,0.007,50.0,0.536,0,0
1800,88.057,2.922,0.364,3.855,0.007,50.0,0.674,0,0
1900,87.92,2.925,0.347,3.857,0.007,50.0,0.658,0,0
2000,87.966,2.927,0.326,3.86,0.007,50.0,0.695,0,0
2100,88.54,2.92,0.695,3.842,0.249,50.0,0.685,0,0
0,52.232,1.479,0.065,1.176,0.046,0,0,0,0
0,51.929,1.198,0.063,1.236,0.07,0,0,0,0
0,52.163,1.362,0.063,1.667,0.08,0,0,0,0
0,54.0,2.583,0.07,1.25,0.014,33.333,0.068,39.474,0.086
100,99.5,2.731,0.565,3.677,0.252,50.0,0.524,50.0,0.531
200,99.833,3.033,0.515,3.715,0.126,50.0,0.566,50.0,0.508
300,100.0,3.194,0.455,3.732,0.106,50.0,0.567,50.0,0.548
400,99.75,3.282,0.49,3.779,0.1,50.0,0.533,50.0,0.575
500,99.833,3.34,0.482,3.82,0.1,50.0,0.533,50.0,0.598
600,99.667,3.378,0.467,3.853,0.1,50.0,0.556,50.0,0.5
700,99.75,3.41,0.485,3.881,0.1,50.0,0.578,50.0,0.53
800,99.917,3.432,0.464,3.904,0.1,50.0,0.477,50.0,0.536
900,99.833,3.45,0.485,3.927,0.1,50.0,0.575,50.0,0.522
1000,99.917,3.466,0.477,3.946,0.1,50.0,0.571,50.0,0.582
1100,99.333,3.414,0.614,3.835,0.302,50.0,0.575,50.0,0.594
1200,99.917,3.395,0.462,3.803,0.131,50.0,0.562,50.0,0.586
1300,99.917,3.408,0.485,3.83,0.1,50.0,0.527,50.0,0.588
1400,100.0,3.42,0.483,3.844,0.1,50.0,0.486,50.0,0.476
1500,99.917,3.43,0.472,3.858,0.1,50.0,0.513,50.0,0.54
1600,99.917,3.44,0.449,3.87,0.1,50.0,0.534,50.0,0.57
1700,100.0,3.448,0.462,3.882,0.1,50.0,0.529,50.0,0.559
1800,99.833,3.456,0.485,3.893,0.1,50.0,0.519,50.0,0.554
1900,99.833,3.462,0.459,3.904,0.1,50.0,0.553,50.0,0.545
2000,99.833,3.468,0.486,3.913,0.1,50.0,0.543,50.0,0.552
2100,99.833,3.435,0.581,3.868,0.291,50.0,0.551,50.0,0.545
2200,99.917,3.429,0.489,3.844,0.129,50.0,0.47,50.0,0.526
2300,100.0,3.433,0.491,3.848,0.1,50.0,0.547,50.0,0.573
2400,100.0,3.439,0.486,3.857,0.1,50.0,0.539,50.0,0.528
2500,100.0,3.445,0.481,3.865,0.1,50.0,0.532,50.0,0.587
2600,99.75,3.451,0.494,3.873,0.1,50.0,0.552,50.0,0.574
2700,99.75,3.456,0.463,3.881,0.1,50.0,0.526,50.0,0.535
2800,99.833,3.461,0.511,3.888,0.1,50.0,0.562,50.0,0.534
2900,99.833,3.465,0.51,3.895,0.1,50.0,0.583,50.0,0.595
3000,99.833,3.469,0.458,3.901,0.1,50.0,0.516,50.0,0.561
3100,99.667,3.446,0.594,3.904,0.294,50.0,0.599,50.0,0.583
3200,99.917,3.441,0.512,3.902,0.116,50.0,0.527,50.0,0.538
3300,99.75,3.443,0.489,3.908,0.1,50.0,0.496,50.0,0.529
3400,100.0,3.447,0.505,3.914,0.1,50.0,0.533,50.0,0.556
3500,99.583,3.451,0.492,3.92,0.1,50.0,0.491,50.0,0.554
3600,99.833,3.454,0.492,3.925,0.1,50.0,0.538,50.0,0.588
3700,100.0,3.458,0.477,3.93,0.1,50.0,0.537,50.0,0.566
3800,99.917,3.462,0.469,3.935,0.1,50.0,0.542,50.0,0.516
3900,99.917,3.465,0.497,3.94,0.1,50.0,0.561,50.0,0.512
4000,99.833,3.468,0.49,3.945,0.1,50.0,0.519,50.0,0.583
4100,99.917,3.45,0.555,3.908,0.28,50.0,0.592,50.0,0.571
4200,99.917,3.446,0.48,3.895,0.132,50.0,0.53,50.0,0.561
4300,99.833,3.448,0.515,3.895,0.106,50.0,0.541,50.0,0.566
4400,99.917,3.451,0.477,3.898,0.1,50.0,0.488,50.0,0.518
4500,99.917,3.454,0.47,3.903,0.1,50.0,0.54,50.0,0.559
4600,99.917,3.457,0.484,3.908,0.1,50.0,0.549,50.0,0.566
4700,99.833,3.46,0.497,3.912,0.1,50.0,0.528,50.0,0.561
4800,99.833,3.463,0.48,3.916,0.1,50.0,0.57,50.0,0.55
4900,99.75,3.465,0.474,3.92,0.1,50.0,0.544,50.0,0.544
5000,99.917,3.468,0.482,3.924,0.1,50.0,0.538,50.0,0.593
5100,99.667,3.454,0.583,3.893,0.335,50.0,0.621,50.0,0.543
5200,99.917,3.451,0.505,3.875,0.131,50.0,0.546,50.0,0.514
5300,100.0,3.453,0.504,3.88,0.1,50.0,0.478,50.0,0.544
5400,99.917,3.455,0.485,3.883,0.1,50.0,0.523,50.0,0.59
5500,99.917,3.458,0.482,3.887,0.1,50.0,0.484,50.0,0.516
5600,99.917,3.46,0.478,3.89,0.1,50.0,0.542,50.0,0.586
5700,99.833,3.463,0.496,3.894,0.1,50.0,0.555,50.0,0.555
5800,99.583,3.465,0.473,3.897,0.1,50.0,0.52,50.0,0.547
5900,99.667,3.467,0.478,3.901,0.1,50.0,0.516,50.0,0.557
6000,99.667,3.469,0.459,3.904,0.1,50.0,0.526,50.0,0.507
6100,99.75,3.46,0.585,3.87,0.337,50.0,0.598,50.0,0.526
6200,99.833,3.456,0.56,3.857,0.152,50.0,0.545,50.0,0.557
6300,99.417,3.456,0.447,3.86,0.1,50.0,0.531,50.0,0.51
6400,100.0,3.458,0.456,3.863,0.1,50.0,0.532,50.0,0.525
6500,100.0,3.46,0.494,3.866,0.1,50.0,0.509,50.0,0.584
6600,99.917,3.462,0.478,3.869,0.1,50.0,0.585,50.0,0.533
6700,100.0,3.464,0.472,3.872,0.1,50.0,0.512,50.0,0.536
6800,99.75,3.466,0.464,3.875,0.1,50.0,0.535,50.0,0.565
6900,99.833,3.468,0.494,3.878,0.1,50.0,0.533,50.0,0.602
7000,100.0,3.47,0.485,3.881,0.1,50.0,0.577,50.0,0.597
7100,99.583,3.46,0.573,3.869,0.262,50.0,0.524,50.0,0.604
7200,99.917,3.458,0.461,3.876,0.113,50.0,0.511,50.0,0.558
7300,100.0,3.46,0.473,3.878,0.1,50.0,0.523,50.0,0.582
7400,99.917,3.461,0.452,3.881,0.1,50.0,0.519,50.0,0.504
7500,99.75,3.463,0.467,3.884,0.1,50.0,0.542,50.0,0.506
7600,99.833,3.465,0.497,3.886,0.1,50.0,0.573,50.0,0.565
7700,99.917,3.466,0.485,3.889,0.1,50.0,0.537,50.0,0.556
7800,99.583,3.468,0.516,3.891,0.1,50.0,0.549,50.0,0.521
7900,99.833,3.47,0.493,3.894,0.1,50.0,0.613,50.0,0.591
8000,100.0,3.471,0.482,3.896,0.1,50.0,0.585,50.0,0.541
8100,99.75,3.462,0.56,3.885,0.342,50.0,0.545,50.0,0.604
8200,99.833,3.459,0.485,3.883,0.118,50.0,0.532,50.0,0.556
8300,99.667,3.46,0.448,3.882,0.107,50.0,0.489,50.0,0.538
8400,99.75,3.461,0.463,3.883,0.1,50.0,0.532,50.0,0.522
8500,100.0,3.463,0.468,3.885,0.1,50.0,0.53,50.0,0.592
8600,99.583,3.464,0.476,3.887,0.1,50.0,0.566,50.0,0.557
8700,99.833,3.466,0.478,3.89,0.1,50.0,0.532,50.0,0.57
8800,99.917,3.467,0.493,3.892,0.1,50.0,0.569,50.0,0.564
8900,99.833,3.469,0.494,3.894,0.1,50.0,0.574,50.0,0.607
9000,99.667,3.47,0.479,3.896,0.1,50.0,0.534,50.0,0.527
9100,99.667,3.461,0.601,3.876,0.292,50.0,0.584,50.0,0.574
9200,99.75,3.46,0.495,3.865,0.148,50.0,0.504,50.0,0.612
9300,99.917,3.46,0.497,3.863,0.12,50.0,0.483,50.0,0.54
9400,99.833,3.462,0.482,3.865,0.1,50.0,0.525,50.0,0.567
9500,100.0,3.463,0.502,3.867,0.1,50.0,0.547,50.0,0.547
9600,99.75,3.464,0.454,3.869,0.1,50.0,0.519,50.0,0.546
9700,99.75,3.465,0.494,3.871,0.1,50.0,0.586,50.0,0.557
9800,99.917,3.467,0.484,3.873,0.1,50.0,0.53,50.0,0.569
9900,99.917,3.468,0.466,3.875,0.1,50.0,0.561,50.0,0.544
10000,99.667,3.469,0.464,3.877,0.1,50.0,0.541,50.0,0.519
10100,99.5,3.462,0.542,3.865,0.274,50.0,0.57,50.0,0.542
10200,100.0,3.46,0.508,3.866,0.151,50.0,0.555,50.0,0.604
10300,99.833,3.461,0.48,3.869,0.1,50.0,0.557,50.0,0.513
10400,100.0,3.462,0.46,3.871,0.1,50.0,0.578,50.0,0.548
10500,99.917,3.463,0.474,3.873,0.1,50.0,0.532,50.0,0.529
10600,99.833,3.464,0.474,3.875,0.1,50.0,0.537,50.0,0.551
10700,99.917,3.466,0.506,3.876,0.1,50.0,0.605,50.0,0.532
10800,99.833,3.467,0.502,3.878,0.1,50.0,0.523,50.0,0.541
10900,99.75,3.468,0.489,3.88,0.1,50.0,0.547,50.0,0.537
11000,100.0,3.469,0.496,3.882,0.1,50.0,0.575,50.0,0.568
11100,99.583,3.463,0.615,3.877,0.344,50.0,0.571,50.0,0.604
11200,99.833,3.461,0.505,3.871,0.126,50.0,0.523,50.0,0.548
11300,99.917,3.462,0.465,3.868,0.1,50.0,0.547,50.0,0.542
11400,99.833,3.463,0.5,3.87,0.1,50.0,0.596,50.0,0.525
11500,99.75,3.464,0.459,3.871,0.1,50.0,0.595,50.0,0.533
11600,99.833,3.465,0.471,3.873,0.1,50.0,0.507,50.0,0.568
11700,99.583,3.466,0.477,3.875,0.1,50.0,0.561,50.0,0.581
11800,99.75,3.467,0.509,3.876,0.1,50.0,0.615,50.0,0.545
11900,100.0,3.468,0.48,3.878,0.1,50.0,0.571,50.0,0.523
12000,99.667,3.469,0.466,3.879,0.1,50.0,0.528,50.0,0.55
12100,99.583,3.463,0.582,3.865,0.327,50.0,0.572,50.0,0.594
12200,100.0,3.46,0.497,3.856,0.156,50.0,0.546,50.0,0.555
12300,100.0,3.461,0.469,3.858,0.1,50.0,0.491,50.0,0.54
12400,99.917,3.462,0.485,3.859,0.1,50.0,0.606,50.0,0.588
12500,100.0,3.463,0.492,3.861,0.1,50.0,0.547,50.0,0.556
12600,99.917,3.464,0.47,3.863,0.1,50.0,0.544,50.0,0.523
12700,100.0,3.465,0.478,3.864,0.1,50.0,0.568,50.0,0.525
